experiment_name,assignment_strategy,n_robots,max_number_of_targets,learning_rate,discount_factor,seed,mean_path_length,mean_distance_to_a_target,time_taken,steps_taken
main_experiment,random,1,1,0.9,0.99,1,21.2,21.2,5.323923826217651,254
main_experiment,random,1,1,0.9,0.99,2,16.8,16.8,5.325977802276611,224
main_experiment,random,1,1,0.9,0.99,3,18.0,18.0,5.055452823638916,221
main_experiment,random,1,2,0.9,0.99,1,19.0,19.0,5.598073720932007,200
main_experiment,random,1,2,0.9,0.99,2,15.4,15.4,5.517892837524414,167
main_experiment,random,1,2,0.9,0.99,3,23.4,23.4,5.822948217391968,244
main_experiment,random,1,3,0.9,0.99,1,17.0,17.0,6.183455944061279,180
main_experiment,random,1,3,0.9,0.99,2,15.7,15.7,6.49001407623291,167
main_experiment,random,1,3,0.9,0.99,3,22.1,22.1,6.244655132293701,231
main_experiment,random,1,4,0.9,0.99,1,17.8,17.8,6.180841445922852,188
main_experiment,random,1,4,0.9,0.99,2,16.1,16.1,6.818039178848267,171
main_experiment,random,1,4,0.9,0.99,3,17.4,17.4,6.561793088912964,184
main_experiment,random,1,5,0.9,0.99,1,17.2,17.2,7.085204839706421,182
main_experiment,random,1,5,0.9,0.99,2,21.3,21.3,7.414432048797607,223
main_experiment,random,1,5,0.9,0.99,3,24.5,24.5,7.114706754684448,255
main_experiment,random,1,6,0.9,0.99,1,18.9,18.9,7.582700252532959,199
main_experiment,random,1,6,0.9,0.99,2,17.7,17.7,7.93312931060791,187
main_experiment,random,1,6,0.9,0.99,3,18.4,18.4,7.682465314865112,194
main_experiment,random,1,7,0.9,0.99,1,21.6,21.6,8.375171661376953,226
main_experiment,random,1,7,0.9,0.99,2,17.2,17.2,8.60745644569397,182
main_experiment,random,1,7,0.9,0.99,3,18.4,18.4,8.074034214019775,194
main_experiment,random,1,8,0.9,0.99,1,17.4,17.4,8.446375846862793,184
main_experiment,random,1,8,0.9,0.99,2,20.0,20.0,8.430375576019287,210
main_experiment,random,1,8,0.9,0.99,3,17.3,17.3,8.902160167694092,183
main_experiment,random,1,9,0.9,0.99,1,16.8,16.8,9.071111679077148,178
main_experiment,random,1,9,0.9,0.99,2,15.8,15.8,9.189111471176147,168
main_experiment,random,1,9,0.9,0.99,3,23.1,23.1,9.140636920928955,241
main_experiment,random,1,10,0.9,0.99,1,19.9,19.9,9.75145149230957,209
main_experiment,random,1,10,0.9,0.99,2,18.4,18.4,9.922163009643555,194
main_experiment,random,1,10,0.9,0.99,3,20.7,20.7,9.787558794021606,217
main_experiment,random,2,1,0.9,0.99,1,18.1875,19.5,5.1453917026519775,245
main_experiment,random,2,1,0.9,0.99,2,19.642857142857142,18.3,5.569090127944946,220
main_experiment,random,2,1,0.9,0.99,3,17.0,17.6,5.429673671722412,227
main_experiment,random,2,2,0.9,0.99,1,20.916666666666664,20.0,5.670630693435669,132
main_experiment,random,2,2,0.9,0.99,2,18.125,17.5,5.682239770889282,117
main_experiment,random,2,2,0.9,0.99,3,26.041666666666664,25.7,6.10178017616272,170
main_experiment,random,2,3,0.9,0.99,1,17.166666666666668,16.9,8.470098733901978,101
main_experiment,random,2,3,0.9,0.99,2,25.083333333333336,24.6,8.201571226119995,142
main_experiment,random,2,3,0.9,0.99,3,25.595238095238095,22.5,5.997298717498779,135
main_experiment,random,2,4,0.9,0.99,1,17.6875,15.7,6.645455360412598,123
main_experiment,random,2,4,0.9,0.99,2,23.375,23.0,6.658172369003296,135
main_experiment,random,2,4,0.9,0.99,3,26.333333333333336,25.5,6.850857734680176,139
main_experiment,random,2,5,0.9,0.99,1,27.791666666666664,26.2,7.164912939071655,147
main_experiment,random,2,5,0.9,0.99,2,30.6,30.6,7.2203288078308105,166
main_experiment,random,2,5,0.9,0.99,3,24.541666666666664,23.7,7.440150499343872,128
main_experiment,random,2,6,0.9,0.99,1,27.07142857142857,25.5,7.82103705406189,169
main_experiment,random,2,6,0.9,0.99,2,23.583333333333336,22.3,8.02511978149414,124
main_experiment,random,2,6,0.9,0.99,3,22.200000000000003,22.2,7.614809274673462,123
main_experiment,random,2,7,0.9,0.99,1,20.5,20.5,7.986789226531982,112
main_experiment,random,2,7,0.9,0.99,2,25.041666666666664,23.9,7.8052167892456055,127
main_experiment,random,2,7,0.9,0.99,3,20.583333333333336,20.0,8.032877206802368,112
main_experiment,random,2,8,0.9,0.99,1,25.333333333333336,24.8,8.651427745819092,142
main_experiment,random,2,8,0.9,0.99,2,21.1,21.1,8.69165849685669,140
main_experiment,random,2,8,0.9,0.99,3,34.57142857142857,28.4,8.784747123718262,153
main_experiment,random,2,9,0.9,0.99,1,21.547619047619047,18.7,8.723103284835815,108
main_experiment,random,2,9,0.9,0.99,2,24.047619047619047,21.8,8.933881521224976,136
main_experiment,random,2,9,0.9,0.99,3,31.958333333333336,30.2,9.19948959350586,167
main_experiment,random,2,10,0.9,0.99,1,25.0,21.0,8.811221599578857,112
main_experiment,random,2,10,0.9,0.99,2,24.458333333333336,23.3,9.719359397888184,125
main_experiment,random,2,10,0.9,0.99,3,29.541666666666664,28.1,9.705275535583496,151
main_experiment,random,3,1,0.9,0.99,1,21.333333333333332,19.5,4.988174676895142,222
main_experiment,random,3,1,0.9,0.99,2,17.805555555555557,17.6,5.064582347869873,219
main_experiment,random,3,1,0.9,0.99,3,20.666666666666668,20.7,5.229191303253174,287
main_experiment,random,3,2,0.9,0.99,1,18.54444444444444,19.1,5.580716133117676,137
main_experiment,random,3,2,0.9,0.99,2,15.177777777777777,13.8,5.432647705078125,104
main_experiment,random,3,2,0.9,0.99,3,22.055555555555554,19.3,5.286567687988281,147
main_experiment,random,3,3,0.9,0.99,1,34.44444444444445,25.7,6.533650636672974,133
main_experiment,random,3,3,0.9,0.99,2,15.666666666666666,17.6,6.120982646942139,100
main_experiment,random,3,3,0.9,0.99,3,33.61111111111111,23.5,6.349105358123779,108
main_experiment,random,3,4,0.9,0.99,1,19.916666666666668,18.9,6.858136892318726,83
main_experiment,random,3,4,0.9,0.99,2,23.361111111111114,22.8,5.923289775848389,87
main_experiment,random,3,4,0.9,0.99,3,23.166666666666668,22.8,7.081113576889038,91
main_experiment,random,3,5,0.9,0.99,1,24.166666666666668,23.9,7.2506303787231445,94
main_experiment,random,3,5,0.9,0.99,2,46.06666666666666,25.6,7.636634826660156,106
main_experiment,random,3,5,0.9,0.99,3,26.5,25.5,6.880832672119141,104
main_experiment,random,3,6,0.9,0.99,1,36.75,33.3,7.681788682937622,145
main_experiment,random,3,6,0.9,0.99,2,24.916666666666668,24.4,7.831373929977417,95
main_experiment,random,3,6,0.9,0.99,3,44.18333333333334,25.0,7.730817556381226,100
main_experiment,random,3,7,0.9,0.99,1,25.36111111111111,25.5,8.11173152923584,111
main_experiment,random,3,7,0.9,0.99,2,41.55555555555556,27.9,8.403093814849854,117
main_experiment,random,3,7,0.9,0.99,3,36.63888888888889,36.0,7.879551887512207,136
main_experiment,random,3,8,0.9,0.99,1,36.333333333333336,32.5,14.134398937225342,126
main_experiment,random,3,8,0.9,0.99,2,30.333333333333332,28.2,10.454813003540039,147
main_experiment,random,3,8,0.9,0.99,3,37.36666666666667,31.8,9.48003339767456,129
main_experiment,random,3,9,0.9,0.99,1,41.583333333333336,36.4,13.96157956123352,152
main_experiment,random,3,9,0.9,0.99,2,35.416666666666664,34.3,10.881603956222534,134
main_experiment,random,3,9,0.9,0.99,3,18.555555555555554,23.9,10.880060195922852,133
main_experiment,random,3,10,0.9,0.99,1,29.472222222222225,28.7,11.370063304901123,111
main_experiment,random,3,10,0.9,0.99,2,31.333333333333332,29.7,11.9460289478302,152
main_experiment,random,3,10,0.9,0.99,3,14.638888888888891,22.0,10.637340068817139,139
main_experiment,random,4,1,0.9,0.99,1,12.458333333333334,15.9,5.210001230239868,199
main_experiment,random,4,1,0.9,0.99,2,16.9375,16.5,5.3453123569488525,211
main_experiment,random,4,1,0.9,0.99,3,19.55,19.7,5.534587860107422,218
main_experiment,random,4,2,0.9,0.99,1,21.041666666666664,20.09090909090909,6.071533918380737,143
main_experiment,random,4,2,0.9,0.99,2,9.2125,14.0,6.231201410293579,120
main_experiment,random,4,2,0.9,0.99,3,21.729166666666668,21.5,6.131659746170044,135
main_experiment,random,4,3,0.9,0.99,1,17.979166666666668,18.1,6.35042929649353,95
main_experiment,random,4,3,0.9,0.99,2,20.104166666666668,20.2,6.626462936401367,107
main_experiment,random,4,3,0.9,0.99,3,23.583333333333336,25.7,6.8565449714660645,148
main_experiment,random,4,4,0.9,0.99,1,30.916666666666668,29.5,7.297073841094971,109
main_experiment,random,4,4,0.9,0.99,2,36.5,26.0,7.478191375732422,101
main_experiment,random,4,4,0.9,0.99,3,35.41666666666667,33.8,7.379229784011841,122
main_experiment,random,4,5,0.9,0.99,1,24.5625,23.9,7.873574495315552,96
main_experiment,random,4,5,0.9,0.99,2,36.10416666666667,27.7,7.759583234786987,81
main_experiment,random,4,5,0.9,0.99,3,54.5625,44.3,8.317554235458374,155
main_experiment,random,4,6,0.9,0.99,1,33.9375,26.1,8.504900693893433,100
main_experiment,random,4,6,0.9,0.99,2,31.5,25.3,8.794948101043701,86
main_experiment,random,4,6,0.9,0.99,3,46.291666666666664,39.9,8.584538698196411,131
main_experiment,random,4,7,0.9,0.99,1,44.833333333333336,39.2,8.75020956993103,120
main_experiment,random,4,7,0.9,0.99,2,41.166666666666664,32.7,9.448182821273804,102
main_experiment,random,4,7,0.9,0.99,3,30.125,28.9,8.435326337814331,100
main_experiment,random,4,8,0.9,0.99,1,23.0625,23.0,10.277116537094116,95
main_experiment,random,4,8,0.9,0.99,2,42.0625,32.6,12.25168251991272,114
main_experiment,random,4,8,0.9,0.99,3,37.270833333333336,36.7,9.155885934829712,125
main_experiment,random,4,9,0.9,0.99,1,32.458333333333336,32.8,9.234177827835083,111
main_experiment,random,4,9,0.9,0.99,2,32.583333333333336,29.5,9.507391452789307,103
main_experiment,random,4,9,0.9,0.99,3,32.166666666666664,33.4,10.211030006408691,120
main_experiment,random,4,10,0.9,0.99,1,53.5625,40.5,10.27347731590271,121
main_experiment,random,4,10,0.9,0.99,2,29.5,29.2,10.9906005859375,102
main_experiment,random,4,10,0.9,0.99,3,35.375,33.1,11.561586141586304,112
main_experiment,random,5,1,0.9,0.99,1,14.383333333333335,18.7,6.439616918563843,221
main_experiment,random,5,1,0.9,0.99,2,15.0,18.3,6.5587685108184814,225
main_experiment,random,5,1,0.9,0.99,3,14.483333333333334,17.1,5.726838111877441,207
main_experiment,random,5,2,0.9,0.99,1,17.066666666666666,17.1,6.39556097984314,130
main_experiment,random,5,2,0.9,0.99,2,12.5,15.2,6.896805047988892,127
main_experiment,random,5,2,0.9,0.99,3,16.833333333333336,20.0,7.343963384628296,165
main_experiment,random,5,3,0.9,0.99,1,12.799999999999999,15.6,7.462502717971802,94
main_experiment,random,5,3,0.9,0.99,2,23.2,18.7,7.616947174072266,102
main_experiment,random,5,3,0.9,0.99,3,17.116666666666667,20.8,6.925445079803467,109
main_experiment,random,5,4,0.9,0.99,1,21.1,24.8,8.416406393051147,107
main_experiment,random,5,4,0.9,0.99,2,28.866666666666664,24.3,8.43844223022461,107
main_experiment,random,5,4,0.9,0.99,3,23.1,21.0,7.6044697761535645,96
main_experiment,random,5,5,0.9,0.99,1,33.233333333333334,31.0,8.869557857513428,106
main_experiment,random,5,5,0.9,0.99,2,14.833333333333332,18.9,8.942369937896729,78
main_experiment,random,5,5,0.9,0.99,3,40.85,32.8,7.868220567703247,111
main_experiment,random,5,6,0.9,0.99,1,24.933333333333334,25.3,7.495738506317139,75
main_experiment,random,5,6,0.9,0.99,2,15.65,18.2,8.722461700439453,68
main_experiment,random,5,6,0.9,0.99,3,30.366666666666667,30.2,10.437006950378418,94
main_experiment,random,5,7,0.9,0.99,1,37.68333333333334,37.3,9.634779453277588,114
main_experiment,random,5,7,0.9,0.99,2,13.6,22.4,8.44002628326416,99
main_experiment,random,5,7,0.9,0.99,3,44.1,36.4,8.859725713729858,106
main_experiment,random,5,8,0.9,0.99,1,27.2,25.0,8.456827640533447,72
main_experiment,random,5,8,0.9,0.99,2,38.8,32.7,9.266252517700195,98
main_experiment,random,5,8,0.9,0.99,3,33.71666666666667,33.4,10.889194250106812,109
main_experiment,random,5,9,0.9,0.99,1,30.8,27.7,11.280888319015503,92
main_experiment,random,5,9,0.9,0.99,2,22.083333333333336,24.9,10.457982301712036,93
main_experiment,random,5,9,0.9,0.99,3,25.75,25.2,10.566801071166992,74
main_experiment,random,5,10,0.9,0.99,1,40.2,34.6,10.614388227462769,103
main_experiment,random,5,10,0.9,0.99,2,35.8,30.7,10.6055006980896,90
main_experiment,random,5,10,0.9,0.99,3,29.233333333333338,25.4,9.91472339630127,75
main_experiment,random,6,1,0.9,0.99,1,11.25,14.3,5.966070652008057,202
main_experiment,random,6,1,0.9,0.99,2,14.85,16.5,6.088623046875,213
main_experiment,random,6,1,0.9,0.99,3,15.25,14.5,5.976749658584595,192
main_experiment,random,6,2,0.9,0.99,1,20.88888888888889,21.2,6.7329020500183105,135
main_experiment,random,6,2,0.9,0.99,2,22.847222222222225,23.6,6.759750127792358,165
main_experiment,random,6,2,0.9,0.99,3,12.805555555555557,15.4,5.98003625869751,124
main_experiment,random,6,3,0.9,0.99,1,22.666666666666668,23.2,5.9494218826293945,115
main_experiment,random,6,3,0.9,0.99,2,17.98611111111111,17.7,6.835228681564331,104
main_experiment,random,6,3,0.9,0.99,3,32.22222222222222,32.1,6.861422061920166,155
main_experiment,random,6,4,0.9,0.99,1,19.433333333333334,21.6,7.6465981006622314,104
main_experiment,random,6,4,0.9,0.99,2,20.375,20.7,8.325108289718628,97
main_experiment,random,6,4,0.9,0.99,3,32.19444444444444,30.6,8.540611267089844,133
main_experiment,random,6,5,0.9,0.99,1,26.527777777777782,26.8,8.68180775642395,110
main_experiment,random,6,5,0.9,0.99,2,22.833333333333332,24.3,9.293821811676025,76
main_experiment,random,6,5,0.9,0.99,3,28.388888888888886,23.5,7.655512809753418,88
main_experiment,random,6,6,0.9,0.99,1,38.05555555555556,32.1,9.648510694503784,92
main_experiment,random,6,6,0.9,0.99,2,35.083333333333336,29.6,9.213843584060669,89
main_experiment,random,6,6,0.9,0.99,3,35.69444444444444,32.5,8.369893312454224,88
main_experiment,random,6,7,0.9,0.99,1,29.75,29.4,9.50132155418396,90
main_experiment,random,6,7,0.9,0.99,2,15.222222222222223,22.3,9.30518627166748,68
main_experiment,random,6,7,0.9,0.99,3,45.055555555555564,39.0,10.123430013656616,96
main_experiment,random,6,8,0.9,0.99,1,17.77777777777778,25.4,10.953497409820557,79
main_experiment,random,6,8,0.9,0.99,2,27.291666666666668,27.6,12.03907299041748,81
main_experiment,random,6,8,0.9,0.99,3,40.0,37.5,9.35536503791809,96
main_experiment,random,6,9,0.9,0.99,1,37.25,38.4,9.791001081466675,108
main_experiment,random,6,9,0.9,0.99,2,41.833333333333336,35.9,9.598348379135132,92
main_experiment,random,6,9,0.9,0.99,3,40.43333333333333,38.3,10.15995192527771,117
main_experiment,random,6,10,0.9,0.99,1,51.94444444444445,47.5,10.907720804214478,109
main_experiment,random,6,10,0.9,0.99,2,24.208333333333332,27.0,11.299998760223389,86
main_experiment,random,6,10,0.9,0.99,3,54.208333333333336,46.1,11.5761137008667,118
main_experiment,random,7,1,0.9,0.99,1,13.523809523809524,15.5,5.3433074951171875,199
main_experiment,random,7,1,0.9,0.99,2,11.119047619047619,15.7,5.508128881454468,200
main_experiment,random,7,1,0.9,0.99,3,15.5,15.0,5.127994060516357,178
main_experiment,random,7,2,0.9,0.99,1,17.595238095238095,17.4,5.584863901138306,124
main_experiment,random,7,2,0.9,0.99,2,15.785714285714286,19.4,6.099334001541138,139
main_experiment,random,7,2,0.9,0.99,3,12.476190476190476,16.9,5.608496427536011,133
main_experiment,random,7,3,0.9,0.99,1,19.666666666666664,26.6,7.134169578552246,143
main_experiment,random,7,3,0.9,0.99,2,15.023809523809522,20.1,9.158446550369263,130
main_experiment,random,7,3,0.9,0.99,3,16.940476190476193,17.8,5.987024784088135,112
main_experiment,random,7,4,0.9,0.99,1,27.97142857142857,26.3,7.4969542026519775,114
main_experiment,random,7,4,0.9,0.99,2,14.619047619047619,15.4,6.645512342453003,89
main_experiment,random,7,4,0.9,0.99,3,21.214285714285715,22.8,7.364256858825684,97
main_experiment,random,7,5,0.9,0.99,1,24.071428571428573,26.6,8.10403037071228,113
main_experiment,random,7,5,0.9,0.99,2,22.142857142857142,23.7,6.955408334732056,92
main_experiment,random,7,5,0.9,0.99,3,29.642857142857142,27.9,7.579988241195679,97
main_experiment,random,7,6,0.9,0.99,1,44.023809523809526,38.4,8.554327726364136,113
main_experiment,random,7,6,0.9,0.99,2,14.833333333333334,20.2,7.85186767578125,82
main_experiment,random,7,6,0.9,0.99,3,14.880952380952381,22.5,8.23435091972351,89
main_experiment,random,7,7,0.9,0.99,1,32.13095238095238,37.0,8.874498844146729,114
main_experiment,random,7,7,0.9,0.99,2,23.357142857142858,26.1,8.033239841461182,66
main_experiment,random,7,7,0.9,0.99,3,21.571428571428573,27.0,9.023604393005371,93
main_experiment,random,7,8,0.9,0.99,1,26.928571428571427,31.09090909090909,9.42285966873169,75
main_experiment,random,7,8,0.9,0.99,2,43.73809523809524,40.8,8.977039813995361,112
main_experiment,random,7,8,0.9,0.99,3,25.678571428571427,33.9,10.381996154785156,103
main_experiment,random,7,9,0.9,0.99,1,29.785714285714285,38.6,11.051544666290283,129
main_experiment,random,7,9,0.9,0.99,2,36.76190476190476,35.7,10.649489879608154,83
main_experiment,random,7,9,0.9,0.99,3,37.642857142857146,45.0,11.254329204559326,115
main_experiment,random,7,10,0.9,0.99,1,11.5,15.5,12.239674806594849,63
main_experiment,random,7,10,0.9,0.99,2,37.595238095238095,34.5,10.72899079322815,84
main_experiment,random,7,10,0.9,0.99,3,43.57142857142857,40.7,12.934770822525024,97
main_experiment,random,8,1,0.9,0.99,1,12.8125,19.2,5.378894329071045,245
main_experiment,random,8,1,0.9,0.99,2,13.375,18.0,5.938817501068115,236
main_experiment,random,8,1,0.9,0.99,3,15.0,21.8,5.5812087059021,296
main_experiment,random,8,2,0.9,0.99,1,9.75,14.5,6.095670700073242,143
main_experiment,random,8,2,0.9,0.99,2,13.8125,16.5,6.625564098358154,125
main_experiment,random,8,2,0.9,0.99,3,16.020833333333336,17.7,6.96232271194458,144
main_experiment,random,8,3,0.9,0.99,1,15.354166666666668,17.8,7.062018632888794,108
main_experiment,random,8,3,0.9,0.99,2,15.1875,16.1,6.607187747955322,105
main_experiment,random,8,3,0.9,0.99,3,22.125,23.2,5.953467845916748,123
main_experiment,random,8,4,0.9,0.99,1,17.333333333333332,21.1,7.228247404098511,105
main_experiment,random,8,4,0.9,0.99,2,8.40625,12.4,7.088470220565796,73
main_experiment,random,8,4,0.9,0.99,3,23.8125,25.0,6.654525518417358,104
main_experiment,random,8,5,0.9,0.99,1,23.0,23.9,7.056005239486694,81
main_experiment,random,8,5,0.9,0.99,2,26.0,28.0,7.502220869064331,85
main_experiment,random,8,5,0.9,0.99,3,23.479166666666668,26.4,7.349496841430664,100
main_experiment,random,8,6,0.9,0.99,1,13.9375,22.4,9.455538749694824,96
main_experiment,random,8,6,0.9,0.99,2,34.875,33.3,9.409704685211182,99
main_experiment,random,8,6,0.9,0.99,3,24.833333333333332,27.6,8.345504760742188,90
main_experiment,random,8,7,0.9,0.99,1,21.0625,26.5,8.754733562469482,81
main_experiment,random,8,7,0.9,0.99,2,23.0,25.9,10.143871068954468,80
main_experiment,random,8,7,0.9,0.99,3,26.645833333333336,32.5,8.701530933380127,96
main_experiment,random,8,8,0.9,0.99,1,24.083333333333332,30.6,9.161869525909424,98
main_experiment,random,8,8,0.9,0.99,2,18.666666666666664,21.2,9.147703647613525,65
main_experiment,random,8,8,0.9,0.99,3,16.145833333333336,25.6,9.313432216644287,80
main_experiment,random,8,9,0.9,0.99,1,17.375,21.1,10.852950811386108,71
main_experiment,random,8,9,0.9,0.99,2,35.10416666666667,33.3,10.86598014831543,74
main_experiment,random,8,9,0.9,0.99,3,13.354166666666668,20.1,11.294755697250366,53
main_experiment,random,8,10,0.9,0.99,1,33.5,40.7,10.956559181213379,109
main_experiment,random,8,10,0.9,0.99,2,24.5,29.3,9.864104986190796,78
main_experiment,random,8,10,0.9,0.99,3,37.125,43.9,10.653837203979492,101
main_experiment,random,9,1,0.9,0.99,1,13.333333333333334,20.3,5.171467542648315,245
main_experiment,random,9,1,0.9,0.99,2,13.61111111111111,18.1,5.312824964523315,207
main_experiment,random,9,1,0.9,0.99,3,14.055555555555555,17.5,5.624253273010254,226
main_experiment,random,9,2,0.9,0.99,1,13.574074074074074,17.2,5.769469738006592,151
main_experiment,random,9,2,0.9,0.99,2,5.888888888888889,11.8,8.824547052383423,113
main_experiment,random,9,2,0.9,0.99,3,18.72222222222222,19.8,8.766149997711182,142
main_experiment,random,9,3,0.9,0.99,1,21.555555555555557,26.6,6.592181444168091,148
main_experiment,random,9,3,0.9,0.99,2,14.407407407407407,18.1,5.898016691207886,105
main_experiment,random,9,3,0.9,0.99,3,15.777777777777779,23.5,7.135871410369873,157
main_experiment,random,9,4,0.9,0.99,1,11.185185185185183,16.2,7.6458680629730225,95
main_experiment,random,9,4,0.9,0.99,2,15.259259259259258,22.1,7.33259916305542,123
main_experiment,random,9,4,0.9,0.99,3,15.277777777777779,17.6,7.6623804569244385,113
main_experiment,random,9,5,0.9,0.99,1,18.48148148148148,23.6,8.52793025970459,84
main_experiment,random,9,5,0.9,0.99,2,16.51851851851852,21.3,8.347737550735474,100
main_experiment,random,9,5,0.9,0.99,3,25.444444444444443,31.5,8.502840518951416,123
main_experiment,random,9,6,0.9,0.99,1,16.61111111111111,22.0,8.029732465744019,79
main_experiment,random,9,6,0.9,0.99,2,14.370370370370368,22.8,6.989980220794678,95
main_experiment,random,9,6,0.9,0.99,3,14.648148148148145,21.7,8.21469497680664,101
main_experiment,random,9,7,0.9,0.99,1,28.425925925925924,31.8,10.191378593444824,93
main_experiment,random,9,7,0.9,0.99,2,23.77777777777778,29.8,10.034656047821045,109
main_experiment,random,9,7,0.9,0.99,3,31.0,34.1,11.677295446395874,87
main_experiment,random,9,8,0.9,0.99,1,35.166666666666664,37.9,8.664446830749512,83
main_experiment,random,9,8,0.9,0.99,2,27.185185185185183,34.0,9.267645835876465,95
main_experiment,random,9,8,0.9,0.99,3,22.27777777777778,29.7,8.415902376174927,79
main_experiment,random,9,9,0.9,0.99,1,35.44444444444444,38.4,9.557696104049683,95
main_experiment,random,9,9,0.9,0.99,2,19.72222222222222,27.5,10.064732313156128,76
main_experiment,random,9,9,0.9,0.99,3,12.472222222222221,25.5,9.483404636383057,90
main_experiment,random,9,10,0.9,0.99,1,22.555555555555557,34.3,10.113961458206177,82
main_experiment,random,9,10,0.9,0.99,2,37.833333333333336,40.5,16.270359992980957,102
main_experiment,random,9,10,0.9,0.99,3,29.166666666666668,33.4,11.240005493164062,80
main_experiment,random,10,1,0.9,0.99,1,14.533333333333335,23.5,5.882912635803223,271
main_experiment,random,10,1,0.9,0.99,2,10.025,17.2,5.494541883468628,234
main_experiment,random,10,1,0.9,0.99,3,10.583333333333332,17.5,5.336952447891235,213
main_experiment,random,10,2,0.9,0.99,1,13.333333333333332,18.2,6.932702302932739,188
main_experiment,random,10,2,0.9,0.99,2,9.2,14.3,5.991772413253784,183
main_experiment,random,10,2,0.9,0.99,3,17.3,21.0,6.125430583953857,166
main_experiment,random,10,3,0.9,0.99,1,17.2,23.2,6.638256549835205,141
main_experiment,random,10,3,0.9,0.99,2,15.15,18.9,7.514905691146851,90
main_experiment,random,10,3,0.9,0.99,3,15.083333333333332,19.0,7.1760053634643555,136
main_experiment,random,10,4,0.9,0.99,1,20.8,24.3,7.7406134605407715,122
main_experiment,random,10,4,0.9,0.99,2,10.233333333333333,21.0,7.667118549346924,126
main_experiment,random,10,4,0.9,0.99,3,16.25,21.1,7.752794027328491,107
main_experiment,random,10,5,0.9,0.99,1,19.7,26.7,7.589374542236328,116
main_experiment,random,10,5,0.9,0.99,2,17.7,19.6,7.384628772735596,79
main_experiment,random,10,5,0.9,0.99,3,14.616666666666669,24.2,7.664910793304443,104
main_experiment,random,10,6,0.9,0.99,1,30.0,37.4,8.120860576629639,118
main_experiment,random,10,6,0.9,0.99,2,8.5,14.3,8.520510196685791,70
main_experiment,random,10,6,0.9,0.99,3,16.85,21.9,9.611067056655884,106
main_experiment,random,10,7,0.9,0.99,1,6.5,11.3,8.751747131347656,70
main_experiment,random,10,7,0.9,0.99,2,14.95,19.7,8.884973526000977,81
main_experiment,random,10,7,0.9,0.99,3,19.4,26.9,9.607605934143066,91
main_experiment,random,10,8,0.9,0.99,1,21.85,28.8,9.91589093208313,94
main_experiment,random,10,8,0.9,0.99,2,16.866666666666667,25.7,9.343159198760986,80
main_experiment,random,10,8,0.9,0.99,3,22.4,35.6,9.288718223571777,122
main_experiment,random,10,9,0.9,0.99,1,22.225,27.1,10.09898042678833,80
main_experiment,random,10,9,0.9,0.99,2,23.183333333333334,31.1,10.654423713684082,82
main_experiment,random,10,9,0.9,0.99,3,24.45,30.7,10.358441591262817,80
main_experiment,random,10,10,0.9,0.99,1,21.5,33.4,10.415205240249634,93
main_experiment,random,10,10,0.9,0.99,2,27.9,33.9,10.079978942871094,73
main_experiment,random,10,10,0.9,0.99,3,24.53333333333333,34.3,10.438496589660645,87
main_experiment,greedy,1,1,0.9,0.99,1,22.8,22.8,5.975743770599365,273
main_experiment,greedy,1,1,0.9,0.99,2,18.3,18.3,6.246129989624023,233
main_experiment,greedy,1,1,0.9,0.99,3,15.8,15.8,5.9408416748046875,200
main_experiment,greedy,1,2,0.9,0.99,1,17.5,17.5,6.5892767906188965,185
main_experiment,greedy,1,2,0.9,0.99,2,16.6,16.6,6.042735576629639,179
main_experiment,greedy,1,2,0.9,0.99,3,15.7,15.7,6.860790729522705,167
main_experiment,greedy,1,3,0.9,0.99,1,13.0,13.0,6.713390588760376,140
main_experiment,greedy,1,3,0.9,0.99,2,12.2,12.2,7.43537974357605,132
main_experiment,greedy,1,3,0.9,0.99,3,15.5,15.5,7.264807939529419,165
main_experiment,greedy,1,4,0.9,0.99,1,15.4,15.4,8.114239931106567,164
main_experiment,greedy,1,4,0.9,0.99,2,12.0,12.0,7.881297588348389,130
main_experiment,greedy,1,4,0.9,0.99,3,13.5,13.5,8.228289127349854,145
main_experiment,greedy,1,5,0.9,0.99,1,14.6,14.6,9.129042625427246,156
main_experiment,greedy,1,5,0.9,0.99,2,11.3,11.3,7.582911491394043,123
main_experiment,greedy,1,5,0.9,0.99,3,12.6,12.6,7.668722152709961,136
main_experiment,greedy,1,6,0.9,0.99,1,13.7,13.7,8.299054145812988,147
main_experiment,greedy,1,6,0.9,0.99,2,10.0,10.0,9.9999418258667,110
main_experiment,greedy,1,6,0.9,0.99,3,11.3,11.3,9.148422002792358,123
main_experiment,greedy,1,7,0.9,0.99,1,12.8,12.8,9.000578165054321,138
main_experiment,greedy,1,7,0.9,0.99,2,9.0,9.0,8.797015905380249,100
main_experiment,greedy,1,7,0.9,0.99,3,11.9,11.9,8.441869020462036,129
main_experiment,greedy,1,8,0.9,0.99,1,10.4,10.4,9.081395626068115,114
main_experiment,greedy,1,8,0.9,0.99,2,7.8,7.8,9.448707818984985,88
main_experiment,greedy,1,8,0.9,0.99,3,9.7,9.7,11.654476642608643,107
main_experiment,greedy,1,9,0.9,0.99,1,7.4,7.4,11.451942682266235,84
main_experiment,greedy,1,9,0.9,0.99,2,7.9,7.9,11.0926833152771,89
main_experiment,greedy,1,9,0.9,0.99,3,9.9,9.9,10.470558643341064,109
main_experiment,greedy,1,10,0.9,0.99,1,8.0,8.0,11.917752504348755,90
main_experiment,greedy,1,10,0.9,0.99,2,6.7,6.7,10.313925743103027,77
main_experiment,greedy,1,10,0.9,0.99,3,8.0,8.0,9.577982902526855,90
main_experiment,greedy,2,1,0.9,0.99,1,11.5,11.3,6.548606634140015,146
main_experiment,greedy,2,1,0.9,0.99,2,13.100000000000001,13.1,5.611391305923462,178
main_experiment,greedy,2,1,0.9,0.99,3,15.166666666666666,14.7,5.642760753631592,196
main_experiment,greedy,2,2,0.9,0.99,1,15.0,15.0,6.248925685882568,100
main_experiment,greedy,2,2,0.9,0.99,2,17.416666666666668,16.9,5.999062776565552,107
main_experiment,greedy,2,2,0.9,0.99,3,10.9,10.9,5.842327833175659,79
main_experiment,greedy,2,3,0.9,0.99,1,14.2,14.2,6.900668382644653,87
main_experiment,greedy,2,3,0.9,0.99,2,17.375,16.6,7.04195237159729,93
main_experiment,greedy,2,3,0.9,0.99,3,15.4,15.4,6.662059783935547,85
main_experiment,greedy,2,4,0.9,0.99,1,17.2,17.2,8.065313339233398,97
main_experiment,greedy,2,4,0.9,0.99,2,15.2,15.2,7.159286022186279,85
main_experiment,greedy,2,4,0.9,0.99,3,12.2,12.2,6.954953670501709,70
main_experiment,greedy,2,5,0.9,0.99,1,12.791666666666668,12.9,7.7661848068237305,86
main_experiment,greedy,2,5,0.9,0.99,2,15.047619047619047,12.8,7.318968296051025,73
main_experiment,greedy,2,5,0.9,0.99,3,10.7,10.7,7.067744731903076,64
main_experiment,greedy,2,6,0.9,0.99,1,14.125,13.7,8.262640476226807,78
main_experiment,greedy,2,6,0.9,0.99,2,13.625,13.0,7.4758689403533936,71
main_experiment,greedy,2,6,0.9,0.99,3,10.2,10.2,8.427400827407837,59
main_experiment,greedy,2,7,0.9,0.99,1,14.416666666666668,13.7,8.818007230758667,76
main_experiment,greedy,2,7,0.9,0.99,2,11.8,11.8,8.11828064918518,66
main_experiment,greedy,2,7,0.9,0.99,3,11.3,11.3,8.722460269927979,66
main_experiment,greedy,2,8,0.9,0.99,1,10.083333333333332,9.9,9.569654941558838,61
main_experiment,greedy,2,8,0.9,0.99,2,8.458333333333334,8.2,10.949376106262207,49
main_experiment,greedy,2,8,0.9,0.99,3,10.333333333333332,10.2,13.249682664871216,64
main_experiment,greedy,2,9,0.9,0.99,1,11.100000000000001,11.1,8.762776136398315,62
main_experiment,greedy,2,9,0.9,0.99,2,7.976190476190476,6.9,11.473172664642334,44
main_experiment,greedy,2,9,0.9,0.99,3,9.375,8.9,26.95249581336975,51
main_experiment,greedy,2,10,0.9,0.99,1,9.399999999999999,9.4,13.676031112670898,56
main_experiment,greedy,2,10,0.9,0.99,2,8.5,7.1,14.357397079467773,42
main_experiment,greedy,2,10,0.9,0.99,3,10.75,10.7,14.308631181716919,69
main_experiment,greedy,3,1,0.9,0.99,1,8.155555555555557,8.5,5.264225244522095,114
main_experiment,greedy,3,1,0.9,0.99,2,10.455555555555556,11.1,5.5472400188446045,152
main_experiment,greedy,3,1,0.9,0.99,3,12.416666666666666,11.5,11.314574241638184,151
main_experiment,greedy,3,2,0.9,0.99,1,15.166666666666666,14.3,7.251492500305176,86
main_experiment,greedy,3,2,0.9,0.99,2,9.799999999999999,10.5,7.204888820648193,116
main_experiment,greedy,3,2,0.9,0.99,3,12.972222222222223,13.1,5.81073260307312,88
main_experiment,greedy,3,3,0.9,0.99,1,12.611111111111109,12.3,6.268121719360352,70
main_experiment,greedy,3,3,0.9,0.99,2,16.477777777777778,14.7,6.011810541152954,77
main_experiment,greedy,3,3,0.9,0.99,3,11.722222222222221,11.6,5.916240692138672,61
main_experiment,greedy,3,4,0.9,0.99,1,18.583333333333332,16.1,6.395758390426636,68
main_experiment,greedy,3,4,0.9,0.99,2,14.277777777777777,14.0,5.530874729156494,52
main_experiment,greedy,3,4,0.9,0.99,3,14.911111111111111,13.8,9.714158296585083,60
main_experiment,greedy,3,5,0.9,0.99,1,20.633333333333333,18.1,18.517375230789185,67
main_experiment,greedy,3,5,0.9,0.99,2,22.11111111111111,19.0,6.119538307189941,72
main_experiment,greedy,3,5,0.9,0.99,3,14.277777777777779,14.1,6.370619773864746,54
main_experiment,greedy,3,6,0.9,0.99,1,14.75,12.9,7.386420965194702,50
main_experiment,greedy,3,6,0.9,0.99,2,13.888888888888888,13.9,9.741389989852905,60
main_experiment,greedy,3,6,0.9,0.99,3,12.972222222222223,12.6,7.140343904495239,49
main_experiment,greedy,3,7,0.9,0.99,1,14.71111111111111,12.5,18.164238214492798,48
main_experiment,greedy,3,7,0.9,0.99,2,14.111111111111109,12.5,19.834196090698242,52
main_experiment,greedy,3,7,0.9,0.99,3,11.5,10.8,13.66652798652649,44
main_experiment,greedy,3,8,0.9,0.99,1,15.805555555555557,15.5,13.692475080490112,62
main_experiment,greedy,3,8,0.9,0.99,2,15.194444444444445,15.0,21.319538593292236,60
main_experiment,greedy,3,8,0.9,0.99,3,13.166666666666666,11.7,9.34320878982544,46
main_experiment,greedy,3,9,0.9,0.99,1,11.0,10.0,17.70827031135559,40
main_experiment,greedy,3,9,0.9,0.99,2,13.222222222222223,12.5,15.874075412750244,59
main_experiment,greedy,3,9,0.9,0.99,3,9.555555555555555,9.5,9.380540609359741,40
main_experiment,greedy,3,10,0.9,0.99,1,10.222222222222221,9.9,13.539728879928589,39
main_experiment,greedy,3,10,0.9,0.99,2,12.911111111111111,11.5,15.46742868423462,47
main_experiment,greedy,3,10,0.9,0.99,3,9.166666666666666,8.5,19.27033019065857,36
main_experiment,greedy,4,1,0.9,0.99,1,9.979166666666666,10.0,14.67962908744812,144
main_experiment,greedy,4,1,0.9,0.99,2,11.895833333333334,11.1,5.610717296600342,168
main_experiment,greedy,4,1,0.9,0.99,3,8.9375,10.9,4.684423923492432,144
main_experiment,greedy,4,2,0.9,0.99,1,11.25,10.8,5.7767040729522705,77
main_experiment,greedy,4,2,0.9,0.99,2,12.1875,12.3,5.5454795360565186,82
main_experiment,greedy,4,2,0.9,0.99,3,6.6,13.2,4.8827478885650635,107
main_experiment,greedy,4,3,0.9,0.99,1,17.5625,17.9,7.920256614685059,80
main_experiment,greedy,4,3,0.9,0.99,2,16.375,15.7,8.374163150787354,88
main_experiment,greedy,4,3,0.9,0.99,3,19.895833333333336,16.3,6.696571350097656,73
main_experiment,greedy,4,4,0.9,0.99,1,23.708333333333332,19.6,12.219609260559082,65
main_experiment,greedy,4,4,0.9,0.99,2,14.316666666666666,17.5,6.880370855331421,77
main_experiment,greedy,4,4,0.9,0.99,3,13.041666666666666,11.9,6.560746192932129,46
main_experiment,greedy,4,5,0.9,0.99,1,22.1875,20.5,7.434098243713379,59
main_experiment,greedy,4,5,0.9,0.99,2,22.291666666666668,18.3,6.775286912918091,60
main_experiment,greedy,4,5,0.9,0.99,3,11.958333333333334,11.7,7.767258405685425,41
main_experiment,greedy,4,6,0.9,0.99,1,16.958333333333336,15.454545454545455,7.489525556564331,54
main_experiment,greedy,4,6,0.9,0.99,2,21.083333333333336,16.7,12.695352554321289,50
main_experiment,greedy,4,6,0.9,0.99,3,23.0,17.7,12.339296579360962,58
main_experiment,greedy,4,7,0.9,0.99,1,17.075,11.9,8.794090747833252,41
main_experiment,greedy,4,7,0.9,0.99,2,17.583333333333336,17.3,8.191373586654663,56
main_experiment,greedy,4,7,0.9,0.99,3,13.1875,12.3,21.4757137298584,43
main_experiment,greedy,4,8,0.9,0.99,1,17.25,13.2,9.04495882987976,45
main_experiment,greedy,4,8,0.9,0.99,2,20.875,18.0,13.713465213775635,58
main_experiment,greedy,4,8,0.9,0.99,3,11.125,10.0,12.822103023529053,37
main_experiment,greedy,4,9,0.9,0.99,1,8.4,10.2,14.695184707641602,43
main_experiment,greedy,4,9,0.9,0.99,2,20.541666666666668,19.7,9.241781234741211,57
main_experiment,greedy,4,9,0.9,0.99,3,18.541666666666668,13.8,20.842913389205933,41
main_experiment,greedy,4,10,0.9,0.99,1,14.375,13.2,16.48322820663452,44
main_experiment,greedy,4,10,0.9,0.99,2,16.583333333333332,15.8,12.070429563522339,48
main_experiment,greedy,4,10,0.9,0.99,3,14.979166666666666,12.8,9.974046230316162,47
main_experiment,greedy,5,1,0.9,0.99,1,7.226666666666667,10.2,5.731515169143677,161
main_experiment,greedy,5,1,0.9,0.99,2,10.3,9.9,5.105313301086426,140
main_experiment,greedy,5,1,0.9,0.99,3,8.2,9.4,10.3621187210083,126
main_experiment,greedy,5,2,0.9,0.99,1,7.1066666666666665,9.7,10.050214529037476,67
main_experiment,greedy,5,2,0.9,0.99,2,8.166666666666668,10.0,8.378648519515991,86
main_experiment,greedy,5,2,0.9,0.99,3,7.74,8.1,5.816219329833984,79
main_experiment,greedy,5,3,0.9,0.99,1,8.666666666666668,13.0,11.00012755393982,77
main_experiment,greedy,5,3,0.9,0.99,2,8.066666666666666,12.3,16.15957260131836,72
main_experiment,greedy,5,3,0.9,0.99,3,14.45,12.2,7.012338161468506,54
main_experiment,greedy,5,4,0.9,0.99,1,20.866666666666667,19.4,8.69654393196106,73
main_experiment,greedy,5,4,0.9,0.99,2,14.23333333333333,13.0,8.191413402557373,62
main_experiment,greedy,5,4,0.9,0.99,3,16.1,14.4,17.50880742073059,57
main_experiment,greedy,5,5,0.9,0.99,1,7.7666666666666675,11.3,20.81129789352417,49
main_experiment,greedy,5,5,0.9,0.99,2,6.2,8.7,20.979097843170166,44
main_experiment,greedy,5,5,0.9,0.99,3,8.616666666666667,9.4,7.0430402755737305,33
main_experiment,greedy,5,6,0.9,0.99,1,11.24,11.9,13.648667812347412,51
main_experiment,greedy,5,6,0.9,0.99,2,11.066666666666666,10.6,7.223727703094482,39
main_experiment,greedy,5,6,0.9,0.99,3,14.766666666666666,13.6,16.454720973968506,40
main_experiment,greedy,5,7,0.9,0.99,1,20.133333333333333,18.1,7.828212022781372,50
main_experiment,greedy,5,7,0.9,0.99,2,10.333333333333332,10.2,7.250945568084717,31
main_experiment,greedy,5,7,0.9,0.99,3,15.3,13.3,11.53190541267395,40
main_experiment,greedy,5,8,0.9,0.99,1,14.166666666666668,17.2,22.145498991012573,55
main_experiment,greedy,5,8,0.9,0.99,2,12.9,11.9,12.672186136245728,32
main_experiment,greedy,5,8,0.9,0.99,3,8.466666666666667,10.0,7.540285587310791,31
main_experiment,greedy,5,9,0.9,0.99,1,12.833333333333332,15.5,8.488394498825073,45
main_experiment,greedy,5,9,0.9,0.99,2,10.8,10.6,8.679197072982788,30
main_experiment,greedy,5,9,0.9,0.99,3,15.083333333333334,15.1,9.014824151992798,50
main_experiment,greedy,5,10,0.9,0.99,1,9.9,10.2,12.469838619232178,39
main_experiment,greedy,5,10,0.9,0.99,2,10.533333333333333,10.0,9.658705949783325,29
main_experiment,greedy,5,10,0.9,0.99,3,11.5,13.0,9.575956583023071,45
main_experiment,greedy,6,1,0.9,0.99,1,6.708333333333333,9.8,8.284731149673462,145
main_experiment,greedy,6,1,0.9,0.99,2,9.166666666666666,9.4,15.74518346786499,137
main_experiment,greedy,6,1,0.9,0.99,3,7.208333333333333,11.0,5.110757112503052,168
main_experiment,greedy,6,2,0.9,0.99,1,9.566666666666666,13.7,6.480343580245972,109
main_experiment,greedy,6,2,0.9,0.99,2,5.75,7.6,5.197179079055786,70
main_experiment,greedy,6,2,0.9,0.99,3,12.125,13.0,7.189935207366943,92
main_experiment,greedy,6,3,0.9,0.99,1,9.472222222222221,13.7,7.872002363204956,61
main_experiment,greedy,6,3,0.9,0.99,2,7.611111111111111,10.0,6.3820414543151855,69
main_experiment,greedy,6,3,0.9,0.99,3,12.638888888888888,15.6,9.489822387695312,80
main_experiment,greedy,6,4,0.9,0.99,1,13.027777777777777,13.4,9.193560600280762,60
main_experiment,greedy,6,4,0.9,0.99,2,9.875,10.3,8.644920110702515,59
main_experiment,greedy,6,4,0.9,0.99,3,10.694444444444445,13.1,7.665797472000122,66
main_experiment,greedy,6,5,0.9,0.99,1,13.5,12.8,6.918200969696045,45
main_experiment,greedy,6,5,0.9,0.99,2,9.125,12.1,8.869632959365845,53
main_experiment,greedy,6,5,0.9,0.99,3,15.375,16.9,6.990544319152832,55
main_experiment,greedy,6,6,0.9,0.99,1,18.61111111111111,16.9,18.777902603149414,46
main_experiment,greedy,6,6,0.9,0.99,2,11.916666666666666,11.272727272727273,14.800946950912476,40
main_experiment,greedy,6,6,0.9,0.99,3,17.333333333333332,17.3,11.506228685379028,53
main_experiment,greedy,6,7,0.9,0.99,1,26.708333333333332,20.8,15.990360736846924,47
main_experiment,greedy,6,7,0.9,0.99,2,12.0,11.6,11.702874422073364,37
main_experiment,greedy,6,7,0.9,0.99,3,6.111111111111112,10.2,14.884799718856812,45
main_experiment,greedy,6,8,0.9,0.99,1,5.455555555555556,9.3,16.62548041343689,39
main_experiment,greedy,6,8,0.9,0.99,2,11.083333333333334,10.4,15.608442068099976,29
main_experiment,greedy,6,8,0.9,0.99,3,11.208333333333334,12.6,19.19731855392456,43
main_experiment,greedy,6,9,0.9,0.99,1,6.388888888888889,8.8,14.700687408447266,31
main_experiment,greedy,6,9,0.9,0.99,2,17.055555555555554,14.6,11.079986333847046,38
main_experiment,greedy,6,9,0.9,0.99,3,19.683333333333334,15.4,18.65104031562805,45
main_experiment,greedy,6,10,0.9,0.99,1,12.944444444444445,12.7,27.00757932662964,33
main_experiment,greedy,6,10,0.9,0.99,2,8.555555555555555,9.6,22.545084476470947,32
main_experiment,greedy,6,10,0.9,0.99,3,9.166666666666666,11.3,18.000603675842285,33
main_experiment,greedy,7,1,0.9,0.99,1,3.952380952380952,7.8,5.344934463500977,119
main_experiment,greedy,7,1,0.9,0.99,2,4.119047619047619,5.4,14.874152660369873,88
main_experiment,greedy,7,1,0.9,0.99,3,8.69047619047619,12.3,6.2953574657440186,164
main_experiment,greedy,7,2,0.9,0.99,1,5.964285714285714,8.1,5.873839616775513,79
main_experiment,greedy,7,2,0.9,0.99,2,7.838095238095238,10.1,16.186854362487793,80
main_experiment,greedy,7,2,0.9,0.99,3,9.821428571428571,12.3,5.807870864868164,83
main_experiment,greedy,7,3,0.9,0.99,1,6.035714285714286,11.8,6.037590980529785,73
main_experiment,greedy,7,3,0.9,0.99,2,10.785714285714286,12.8,11.313660860061646,60
main_experiment,greedy,7,3,0.9,0.99,3,12.37142857142857,18.0,10.608808040618896,89
main_experiment,greedy,7,4,0.9,0.99,1,8.928571428571429,12.5,10.10394549369812,63
main_experiment,greedy,7,4,0.9,0.99,2,12.833333333333332,15.9,7.921501636505127,57
main_experiment,greedy,7,4,0.9,0.99,3,12.190476190476192,13.5,8.994531393051147,63
main_experiment,greedy,7,5,0.9,0.99,1,15.142857142857142,15.4,12.23520302772522,55
main_experiment,greedy,7,5,0.9,0.99,2,10.11904761904762,16.9,12.777321815490723,61
main_experiment,greedy,7,5,0.9,0.99,3,14.904761904761907,18.7,7.031078577041626,65
main_experiment,greedy,7,6,0.9,0.99,1,12.761904761904761,16.3,15.159207105636597,53
main_experiment,greedy,7,6,0.9,0.99,2,7.107142857142857,9.1,13.53200387954712,37
main_experiment,greedy,7,6,0.9,0.99,3,10.619047619047619,15.6,10.26845645904541,52
main_experiment,greedy,7,7,0.9,0.99,1,12.785714285714286,14.0,10.106091499328613,39
main_experiment,greedy,7,7,0.9,0.99,2,11.571428571428571,13.2,10.862557649612427,35
main_experiment,greedy,7,7,0.9,0.99,3,7.3809523809523805,11.5,17.69544816017151,44
main_experiment,greedy,7,8,0.9,0.99,1,11.285714285714286,12.909090909090908,12.176910161972046,39
main_experiment,greedy,7,8,0.9,0.99,2,6.821428571428571,8.1,19.92690348625183,26
main_experiment,greedy,7,8,0.9,0.99,3,15.523809523809522,16.4,13.985098361968994,40
main_experiment,greedy,7,9,0.9,0.99,1,20.714285714285715,18.7,20.436025619506836,38
main_experiment,greedy,7,9,0.9,0.99,2,8.964285714285714,9.9,13.185425519943237,33
main_experiment,greedy,7,9,0.9,0.99,3,16.523809523809522,17.1,16.323829650878906,42
main_experiment,greedy,7,10,0.9,0.99,1,19.333333333333336,17.3,9.105355262756348,37
main_experiment,greedy,7,10,0.9,0.99,2,6.952380952380953,9.0,14.011927366256714,29
main_experiment,greedy,7,10,0.9,0.99,3,10.45238095238095,12.2,15.743859052658081,39
main_experiment,greedy,8,1,0.9,0.99,1,5.6875,7.3,6.5330541133880615,123
main_experiment,greedy,8,1,0.9,0.99,2,5.625,7.2,13.997493267059326,113
main_experiment,greedy,8,1,0.9,0.99,3,5.40625,7.4,7.055869817733765,125
main_experiment,greedy,8,2,0.9,0.99,1,6.0,8.1,10.781285762786865,67
main_experiment,greedy,8,2,0.9,0.99,2,5.958333333333334,11.1,6.812417030334473,98
main_experiment,greedy,8,2,0.9,0.99,3,4.65625,8.5,5.661016464233398,72
main_experiment,greedy,8,3,0.9,0.99,1,9.166666666666666,13.2,6.714132070541382,71
main_experiment,greedy,8,3,0.9,0.99,2,7.0,13.4,6.4591755867004395,79
main_experiment,greedy,8,3,0.9,0.99,3,12.9375,16.2,12.473501920700073,80
main_experiment,greedy,8,4,0.9,0.99,1,11.229166666666668,13.4,14.628648519515991,71
main_experiment,greedy,8,4,0.9,0.99,2,7.958333333333334,12.3,7.550398826599121,44
main_experiment,greedy,8,4,0.9,0.99,3,9.7375,13.0,8.79653549194336,57
main_experiment,greedy,8,5,0.9,0.99,1,9.0625,11.6,12.79293704032898,47
main_experiment,greedy,8,5,0.9,0.99,2,10.375,12.9,19.31036877632141,46
main_experiment,greedy,8,5,0.9,0.99,3,6.010416666666667,10.3,15.973590850830078,53
main_experiment,greedy,8,6,0.9,0.99,1,7.84375,11.9,8.815303087234497,55
main_experiment,greedy,8,6,0.9,0.99,2,6.125,9.2,7.502920627593994,38
main_experiment,greedy,8,6,0.9,0.99,3,6.5625,12.2,17.850846767425537,39
main_experiment,greedy,8,7,0.9,0.99,1,15.0,16.4,11.758625030517578,46
main_experiment,greedy,8,7,0.9,0.99,2,9.625,11.5,22.348429679870605,36
main_experiment,greedy,8,7,0.9,0.99,3,12.520833333333332,13.9,13.825951099395752,44
main_experiment,greedy,8,8,0.9,0.99,1,10.895833333333332,13.2,12.041244268417358,35
main_experiment,greedy,8,8,0.9,0.99,2,12.625,13.7,13.308401107788086,36
main_experiment,greedy,8,8,0.9,0.99,3,8.0625,10.2,13.697242975234985,36
main_experiment,greedy,8,9,0.9,0.99,1,8.541666666666666,10.4,14.766687631607056,30
main_experiment,greedy,8,9,0.9,0.99,2,9.625,10.1,20.44710397720337,29
main_experiment,greedy,8,9,0.9,0.99,3,8.5625,9.7,20.171937465667725,29
main_experiment,greedy,8,10,0.9,0.99,1,12.875,12.7,13.809556722640991,28
main_experiment,greedy,8,10,0.9,0.99,2,10.8125,11.9,12.203789710998535,33
main_experiment,greedy,8,10,0.9,0.99,3,6.104166666666667,8.5,17.051748991012573,25
main_experiment,greedy,9,1,0.9,0.99,1,4.7592592592592595,8.1,9.309501647949219,112
main_experiment,greedy,9,1,0.9,0.99,2,3.5185185185185186,5.7,10.194028377532959,89
main_experiment,greedy,9,1,0.9,0.99,3,4.481481481481481,6.2,6.385980129241943,121
main_experiment,greedy,9,2,0.9,0.99,1,4.240740740740741,7.6,7.6543989181518555,59
main_experiment,greedy,9,2,0.9,0.99,2,5.740740740740741,7.6,5.398886680603027,63
main_experiment,greedy,9,2,0.9,0.99,3,4.666666666666667,7.5,5.427574872970581,72
main_experiment,greedy,9,3,0.9,0.99,1,5.611111111111111,10.1,5.992163896560669,60
main_experiment,greedy,9,3,0.9,0.99,2,10.333333333333334,13.4,5.53722357749939,65
main_experiment,greedy,9,3,0.9,0.99,3,7.037037037037037,10.7,7.573616027832031,65
main_experiment,greedy,9,4,0.9,0.99,1,4.583333333333333,9.3,16.20531439781189,53
main_experiment,greedy,9,4,0.9,0.99,2,10.722222222222221,11.3,9.747764110565186,42
main_experiment,greedy,9,4,0.9,0.99,3,11.944444444444445,16.0,10.28401255607605,69
main_experiment,greedy,9,5,0.9,0.99,1,5.407407407407407,12.1,14.212181568145752,54
main_experiment,greedy,9,5,0.9,0.99,2,7.296296296296297,8.9,16.41146445274353,38
main_experiment,greedy,9,5,0.9,0.99,3,6.916666666666667,11.4,9.743465662002563,51
main_experiment,greedy,9,6,0.9,0.99,1,10.24074074074074,16.0,12.263425588607788,58
main_experiment,greedy,9,6,0.9,0.99,2,8.074074074074073,12.0,8.686652183532715,52
main_experiment,greedy,9,6,0.9,0.99,3,7.388888888888889,12.4,6.649650812149048,48
main_experiment,greedy,9,7,0.9,0.99,1,11.037037037037036,12.0,10.488699674606323,46
main_experiment,greedy,9,7,0.9,0.99,2,6.888888888888889,11.0,7.6682679653167725,36
main_experiment,greedy,9,7,0.9,0.99,3,10.777777777777779,15.8,6.6432390213012695,41
main_experiment,greedy,9,8,0.9,0.99,1,14.666666666666666,16.2,9.095106840133667,43
main_experiment,greedy,9,8,0.9,0.99,2,11.166666666666666,12.9,10.48480772972107,40
main_experiment,greedy,9,8,0.9,0.99,3,9.666666666666666,13.0,11.125079870223999,42
main_experiment,greedy,9,9,0.9,0.99,1,9.333333333333334,12.0,18.758567333221436,39
main_experiment,greedy,9,9,0.9,0.99,2,8.5,11.0,17.04435157775879,28
main_experiment,greedy,9,9,0.9,0.99,3,9.648148148148147,12.9,12.482771396636963,36
main_experiment,greedy,9,10,0.9,0.99,1,13.027777777777779,13.9,9.225870132446289,33
main_experiment,greedy,9,10,0.9,0.99,2,7.851851851851852,10.4,12.89832329750061,32
main_experiment,greedy,9,10,0.9,0.99,3,11.833333333333334,12.4,19.33310866355896,31
main_experiment,greedy,10,1,0.9,0.99,1,6.0,8.4,5.304646730422974,117
main_experiment,greedy,10,1,0.9,0.99,2,4.15,6.0,4.956525564193726,95
main_experiment,greedy,10,1,0.9,0.99,3,5.65,8.6,6.584867000579834,126
main_experiment,greedy,10,2,0.9,0.99,1,6.375,9.0,5.795301675796509,91
main_experiment,greedy,10,2,0.9,0.99,2,4.05,5.9,13.768832206726074,64
main_experiment,greedy,10,2,0.9,0.99,3,5.183333333333333,8.3,15.420023202896118,87
main_experiment,greedy,10,3,0.9,0.99,1,5.558333333333333,8.7,12.02139401435852,52
main_experiment,greedy,10,3,0.9,0.99,2,8.166666666666668,10.9,6.342255592346191,66
main_experiment,greedy,10,3,0.9,0.99,3,5.9,8.6,10.234151601791382,48
main_experiment,greedy,10,4,0.9,0.99,1,7.3,13.7,15.486096143722534,66
main_experiment,greedy,10,4,0.9,0.99,2,9.4,11.8,6.452362775802612,53
main_experiment,greedy,10,4,0.9,0.99,3,9.75,13.2,6.890034437179565,65
main_experiment,greedy,10,5,0.9,0.99,1,7.2,10.6,8.900434017181396,42
main_experiment,greedy,10,5,0.9,0.99,2,8.875,10.6,7.917688846588135,43
main_experiment,greedy,10,5,0.9,0.99,3,5.833333333333334,11.8,13.0185387134552,51
main_experiment,greedy,10,6,0.9,0.99,1,10.4,14.4,10.182503461837769,44
main_experiment,greedy,10,6,0.9,0.99,2,6.95,10.2,12.024295806884766,40
main_experiment,greedy,10,6,0.9,0.99,3,10.6,14.1,8.276143789291382,46
main_experiment,greedy,10,7,0.9,0.99,1,12.05,14.1,24.555916786193848,47
main_experiment,greedy,10,7,0.9,0.99,2,7.766666666666666,13.8,9.698012590408325,60
main_experiment,greedy,10,7,0.9,0.99,3,8.783333333333335,12.9,11.158766031265259,41
main_experiment,greedy,10,8,0.9,0.99,1,10.483333333333333,13.0,13.972989320755005,41
main_experiment,greedy,10,8,0.9,0.99,2,6.2333333333333325,10.1,17.72704243659973,33
main_experiment,greedy,10,8,0.9,0.99,3,8.25,13.4,15.034828424453735,37
main_experiment,greedy,10,9,0.9,0.99,1,5.9,10.9,20.431816816329956,39
main_experiment,greedy,10,9,0.9,0.99,2,6.425,7.1,20.052714586257935,25
main_experiment,greedy,10,9,0.9,0.99,3,9.316666666666666,12.1,19.427586555480957,41
main_experiment,greedy,10,10,0.9,0.99,1,11.15,13.7,16.287112712860107,35
main_experiment,greedy,10,10,0.9,0.99,2,7.0,8.9,16.499958276748657,25
main_experiment,greedy,10,10,0.9,0.99,3,8.8,11.5,26.22987151145935,27
main_experiment,fifo,1,1,0.9,0.99,1,22.8,22.8,17.00171184539795,273
main_experiment,fifo,1,1,0.9,0.99,2,18.3,18.3,7.607738018035889,233
main_experiment,fifo,1,1,0.9,0.99,3,15.8,15.8,6.778265476226807,200
main_experiment,fifo,1,2,0.9,0.99,1,26.1,26.1,6.153145790100098,271
main_experiment,fifo,1,2,0.9,0.99,2,21.2,21.2,6.723115682601929,225
main_experiment,fifo,1,2,0.9,0.99,3,17.1,17.1,11.75006890296936,181
main_experiment,fifo,1,3,0.9,0.99,1,22.2,22.2,13.909163236618042,232
main_experiment,fifo,1,3,0.9,0.99,2,18.2,18.2,10.678720951080322,192
main_experiment,fifo,1,3,0.9,0.99,3,21.9,21.9,6.1897406578063965,229
main_experiment,fifo,1,4,0.9,0.99,1,20.8,20.8,11.115402936935425,218
main_experiment,fifo,1,4,0.9,0.99,2,17.2,17.2,8.904258966445923,182
main_experiment,fifo,1,4,0.9,0.99,3,20.4,20.4,18.356340169906616,214
main_experiment,fifo,1,5,0.9,0.99,1,19.0,19.0,11.159579753875732,200
main_experiment,fifo,1,5,0.9,0.99,2,15.1,15.1,15.062175989151001,161
main_experiment,fifo,1,5,0.9,0.99,3,20.8,20.8,7.189537763595581,218
main_experiment,fifo,1,6,0.9,0.99,1,18.7,18.7,7.860368251800537,197
main_experiment,fifo,1,6,0.9,0.99,2,13.0,13.0,12.631285190582275,140
main_experiment,fifo,1,6,0.9,0.99,3,20.9,20.9,20.178067207336426,219
main_experiment,fifo,1,7,0.9,0.99,1,16.3,16.3,23.810134649276733,173
main_experiment,fifo,1,7,0.9,0.99,2,12.8,12.8,13.463655948638916,138
main_experiment,fifo,1,7,0.9,0.99,3,21.5,21.5,13.952503204345703,225
main_experiment,fifo,1,8,0.9,0.99,1,16.0,16.0,12.150260925292969,170
main_experiment,fifo,1,8,0.9,0.99,2,13.7,13.7,9.197690725326538,147
main_experiment,fifo,1,8,0.9,0.99,3,20.3,20.3,8.887717008590698,213
main_experiment,fifo,1,9,0.9,0.99,1,17.3,17.3,10.025433778762817,183
main_experiment,fifo,1,9,0.9,0.99,2,12.4,12.4,24.12583565711975,134
main_experiment,fifo,1,9,0.9,0.99,3,20.1,20.1,13.882275581359863,211
main_experiment,fifo,1,10,0.9,0.99,1,16.4,16.4,16.00603222846985,174
main_experiment,fifo,1,10,0.9,0.99,2,13.4,13.4,18.324119567871094,144
main_experiment,fifo,1,10,0.9,0.99,3,20.2,20.2,20.78950333595276,212
main_experiment,fifo,2,1,0.9,0.99,1,12.1,24.2,6.0021703243255615,275
main_experiment,fifo,2,1,0.9,0.99,2,8.45,16.9,5.316260576248169,216
main_experiment,fifo,2,1,0.9,0.99,3,9.9,19.8,5.851013898849487,247
main_experiment,fifo,2,2,0.9,0.99,1,15.625,15.8,13.84260869026184,107
main_experiment,fifo,2,2,0.9,0.99,2,19.291666666666664,18.9,8.385251522064209,123
main_experiment,fifo,2,2,0.9,0.99,3,15.625,16.0,14.313657999038696,111
main_experiment,fifo,2,3,0.9,0.99,1,17.0,17.0,7.317989110946655,93
main_experiment,fifo,2,3,0.9,0.99,2,24.73809523809524,21.3,8.910372495651245,120
main_experiment,fifo,2,3,0.9,0.99,3,14.3,14.3,6.165202379226685,88
main_experiment,fifo,2,4,0.9,0.99,1,20.875,20.5,7.463960647583008,120
main_experiment,fifo,2,4,0.9,0.99,2,25.708333333333336,24.5,13.605719089508057,131
main_experiment,fifo,2,4,0.9,0.99,3,19.458333333333336,18.9,6.692471742630005,106
main_experiment,fifo,2,5,0.9,0.99,1,24.458333333333336,24.1,7.531661748886108,142
main_experiment,fifo,2,5,0.9,0.99,2,25.095238095238095,21.8,12.540908575057983,125
main_experiment,fifo,2,5,0.9,0.99,3,21.0,21.0,7.266836404800415,118
main_experiment,fifo,2,6,0.9,0.99,1,25.2,25.2,17.800464391708374,136
main_experiment,fifo,2,6,0.9,0.99,2,21.6875,14.6,7.6168739795684814,87
main_experiment,fifo,2,6,0.9,0.99,3,20.916666666666664,20.4,9.311469554901123,116
main_experiment,fifo,2,7,0.9,0.99,1,22.299999999999997,22.3,11.996766328811646,127
main_experiment,fifo,2,7,0.9,0.99,2,20.125,14.5,8.083417415618896,94
main_experiment,fifo,2,7,0.9,0.99,3,24.9,24.9,12.784382104873657,130
main_experiment,fifo,2,8,0.9,0.99,1,21.875,20.8,11.837582349777222,113
main_experiment,fifo,2,8,0.9,0.99,2,21.0,20.2,17.252475023269653,108
main_experiment,fifo,2,8,0.9,0.99,3,22.666666666666664,22.3,16.144818782806396,131
main_experiment,fifo,2,9,0.9,0.99,1,24.261904761904763,22.1,9.33019471168518,139
main_experiment,fifo,2,9,0.9,0.99,2,20.625,16.5,17.423096656799316,118
main_experiment,fifo,2,9,0.9,0.99,3,24.6,24.6,18.573612213134766,129
main_experiment,fifo,2,10,0.9,0.99,1,22.952380952380953,20.4,22.319793224334717,123
main_experiment,fifo,2,10,0.9,0.99,2,22.119047619047617,17.9,10.224020957946777,101
main_experiment,fifo,2,10,0.9,0.99,3,21.625,20.8,11.80288314819336,111
main_experiment,fifo,3,1,0.9,0.99,1,7.933333333333334,23.8,10.095722436904907,267
main_experiment,fifo,3,1,0.9,0.99,2,5.0,15.0,7.5990309715271,191
main_experiment,fifo,3,1,0.9,0.99,3,4.3999999999999995,13.2,7.0776214599609375,168
main_experiment,fifo,3,2,0.9,0.99,1,13.533333333333331,20.3,9.569285154342651,117
main_experiment,fifo,3,2,0.9,0.99,2,11.285714285714286,16.1,10.83321762084961,127
main_experiment,fifo,3,2,0.9,0.99,3,8.861111111111112,13.4,15.90195894241333,89
main_experiment,fifo,3,3,0.9,0.99,1,19.583333333333332,19.7,9.67336368560791,93
main_experiment,fifo,3,3,0.9,0.99,2,27.599999999999998,18.2,8.687185287475586,91
main_experiment,fifo,3,3,0.9,0.99,3,18.583333333333332,17.4,9.103861093521118,86
main_experiment,fifo,3,4,0.9,0.99,1,20.75,20.3,17.197293043136597,77
main_experiment,fifo,3,4,0.9,0.99,2,18.5,16.8,12.3639554977417,64
main_experiment,fifo,3,4,0.9,0.99,3,21.0,16.8,10.054548740386963,80
main_experiment,fifo,3,5,0.9,0.99,1,20.900000000000002,19.4,12.110897302627563,81
main_experiment,fifo,3,5,0.9,0.99,2,16.11111111111111,16.4,6.069055080413818,84
main_experiment,fifo,3,5,0.9,0.99,3,22.916666666666668,20.1,6.988717794418335,78
main_experiment,fifo,3,6,0.9,0.99,1,21.833333333333332,21.4,13.68218445777893,87
main_experiment,fifo,3,6,0.9,0.99,2,21.555555555555557,22.4,8.381110429763794,117
main_experiment,fifo,3,6,0.9,0.99,3,46.714285714285715,25.9,8.990626811981201,99
main_experiment,fifo,3,7,0.9,0.99,1,32.01111111111111,27.4,12.759650945663452,103
main_experiment,fifo,3,7,0.9,0.99,2,25.5,24.0,12.635421752929688,96
main_experiment,fifo,3,7,0.9,0.99,3,20.255555555555556,17.4,12.175016403198242,69
main_experiment,fifo,3,8,0.9,0.99,1,26.88888888888889,24.0,18.192557334899902,95
main_experiment,fifo,3,8,0.9,0.99,2,22.805555555555557,22.6,11.9955153465271,90
main_experiment,fifo,3,8,0.9,0.99,3,29.777777777777775,26.2,8.544485092163086,100
main_experiment,fifo,3,9,0.9,0.99,1,51.38888888888889,30.9,9.31587290763855,109
main_experiment,fifo,3,9,0.9,0.99,2,34.67777777777778,30.9,10.56801724433899,124
main_experiment,fifo,3,9,0.9,0.99,3,23.055555555555554,23.2,16.1857967376709,102
main_experiment,fifo,3,10,0.9,0.99,1,27.222222222222218,21.8,15.768036365509033,88
main_experiment,fifo,3,10,0.9,0.99,2,27.144444444444446,24.8,18.72610640525818,109
main_experiment,fifo,3,10,0.9,0.99,3,30.066666666666666,21.8,16.534887313842773,88
main_experiment,fifo,4,1,0.9,0.99,1,4.85,19.4,6.378380060195923,238
main_experiment,fifo,4,1,0.9,0.99,2,3.5,14.0,13.623747825622559,197
main_experiment,fifo,4,1,0.9,0.99,3,3.5,14.0,11.47433876991272,175
main_experiment,fifo,4,2,0.9,0.99,1,8.166666666666666,16.1,9.27350640296936,104
main_experiment,fifo,4,2,0.9,0.99,2,8.25,16.5,8.367897033691406,109
main_experiment,fifo,4,2,0.9,0.99,3,7.0,14.0,7.756862640380859,89
main_experiment,fifo,4,3,0.9,0.99,1,21.791666666666668,24.3,9.176803588867188,109
main_experiment,fifo,4,3,0.9,0.99,2,10.958333333333332,15.2,6.465636730194092,87
main_experiment,fifo,4,3,0.9,0.99,3,14.1875,18.1,11.020523071289062,81
main_experiment,fifo,4,4,0.9,0.99,1,31.9375,26.5,9.399064302444458,90
main_experiment,fifo,4,4,0.9,0.99,2,35.25,24.0,6.274534463882446,85
main_experiment,fifo,4,4,0.9,0.99,3,9.641666666666666,12.3,11.35031795501709,67
main_experiment,fifo,4,5,0.9,0.99,1,29.145833333333332,25.1,16.083467960357666,83
main_experiment,fifo,4,5,0.9,0.99,2,32.375,21.8,16.09162950515747,101
main_experiment,fifo,4,5,0.9,0.99,3,18.1875,15.1,12.18024492263794,61
main_experiment,fifo,4,6,0.9,0.99,1,21.75,20.5,15.47577166557312,66
main_experiment,fifo,4,6,0.9,0.99,2,24.625,22.6,13.655997276306152,82
main_experiment,fifo,4,6,0.9,0.99,3,25.354166666666664,19.0,13.919926166534424,59
main_experiment,fifo,4,7,0.9,0.99,1,19.375,17.0,9.027658224105835,60
main_experiment,fifo,4,7,0.9,0.99,2,23.583333333333332,24.2,22.906924724578857,85
main_experiment,fifo,4,7,0.9,0.99,3,18.0,17.1,16.282087802886963,56
main_experiment,fifo,4,8,0.9,0.99,1,26.541666666666668,25.0,27.709081888198853,74
main_experiment,fifo,4,8,0.9,0.99,2,36.39583333333333,27.2,13.075387001037598,77
main_experiment,fifo,4,8,0.9,0.99,3,28.75,23.9,8.061994075775146,77
main_experiment,fifo,4,9,0.9,0.99,1,19.375,19.7,9.370270490646362,76
main_experiment,fifo,4,9,0.9,0.99,2,25.083333333333332,24.4,18.8071448802948,73
main_experiment,fifo,4,9,0.9,0.99,3,26.354166666666668,24.0,9.186898708343506,84
main_experiment,fifo,4,10,0.9,0.99,1,24.895833333333332,21.3,13.44522476196289,71
main_experiment,fifo,4,10,0.9,0.99,2,26.375,25.4,19.564265489578247,76
main_experiment,fifo,4,10,0.9,0.99,3,23.166666666666668,18.8,16.133771181106567,58
main_experiment,fifo,5,1,0.9,0.99,1,3.6799999999999997,18.4,9.944707155227661,243
main_experiment,fifo,5,1,0.9,0.99,2,3.6,18.0,5.064889430999756,221
main_experiment,fifo,5,1,0.9,0.99,3,3.88,19.4,4.865880727767944,226
main_experiment,fifo,5,2,0.9,0.99,1,6.966666666666666,17.4,8.674957036972046,110
main_experiment,fifo,5,2,0.9,0.99,2,6.783333333333334,17.0,11.959422826766968,123
main_experiment,fifo,5,2,0.9,0.99,3,7.279999999999999,18.2,16.003527879714966,120
main_experiment,fifo,5,3,0.9,0.99,1,12.35,19.8,7.718765497207642,86
main_experiment,fifo,5,3,0.9,0.99,2,12.25,21.0,6.4854700565338135,101
main_experiment,fifo,5,3,0.9,0.99,3,11.506666666666666,17.8,7.587177753448486,81
main_experiment,fifo,5,4,0.9,0.99,1,15.7,18.7,16.00469183921814,69
main_experiment,fifo,5,4,0.9,0.99,2,29.439999999999998,26.4,8.111340522766113,86
main_experiment,fifo,5,4,0.9,0.99,3,15.65,18.7,8.687941074371338,65
main_experiment,fifo,5,5,0.9,0.99,1,28.15,23.2,19.88651204109192,65
main_experiment,fifo,5,5,0.9,0.99,2,25.026666666666664,22.7,9.010066747665405,79
main_experiment,fifo,5,5,0.9,0.99,3,20.3,20.0,10.171205282211304,63
main_experiment,fifo,5,6,0.9,0.99,1,27.7,24.0,9.09214472770691,70
main_experiment,fifo,5,6,0.9,0.99,2,23.15,21.7,13.298025369644165,67
main_experiment,fifo,5,6,0.9,0.99,3,20.8,20.7,7.6820387840271,64
main_experiment,fifo,5,7,0.9,0.99,1,32.8,26.1,17.540323734283447,73
main_experiment,fifo,5,7,0.9,0.99,2,17.35,20.1,19.655611515045166,59
main_experiment,fifo,5,7,0.9,0.99,3,23.933333333333334,23.1,11.060181617736816,72
main_experiment,fifo,5,8,0.9,0.99,1,22.166666666666664,20.6,8.3560471534729,62
main_experiment,fifo,5,8,0.9,0.99,2,19.36,18.4,10.982441902160645,64
main_experiment,fifo,5,8,0.9,0.99,3,28.166666666666664,23.3,10.103521823883057,60
main_experiment,fifo,5,9,0.9,0.99,1,29.53333333333334,26.1,17.94197130203247,70
main_experiment,fifo,5,9,0.9,0.99,2,21.96666666666667,20.2,16.78181004524231,49
main_experiment,fifo,5,9,0.9,0.99,3,12.733333333333333,17.7,11.050073385238647,64
main_experiment,fifo,5,10,0.9,0.99,1,18.759999999999998,20.8,9.803822040557861,78
main_experiment,fifo,5,10,0.9,0.99,2,31.46666666666667,29.2,9.98478078842163,76
main_experiment,fifo,5,10,0.9,0.99,3,21.0,21.0,20.153233528137207,51
main_experiment,fifo,6,1,0.9,0.99,1,2.8666666666666667,17.2,13.273234367370605,219
main_experiment,fifo,6,1,0.9,0.99,2,3.6666666666666665,22.0,6.31161642074585,263
main_experiment,fifo,6,1,0.9,0.99,3,2.8833333333333333,17.3,13.973555564880371,231
main_experiment,fifo,6,2,0.9,0.99,1,5.361111111111112,16.3,5.944141626358032,109
main_experiment,fifo,6,2,0.9,0.99,2,5.722222222222221,17.0,8.732850313186646,136
main_experiment,fifo,6,2,0.9,0.99,3,6.25,18.6,17.164623260498047,114
main_experiment,fifo,6,3,0.9,0.99,1,7.652777777777778,15.2,13.376301765441895,70
main_experiment,fifo,6,3,0.9,0.99,2,15.161111111111111,25.6,5.945133447647095,116
main_experiment,fifo,6,3,0.9,0.99,3,10.222222222222221,20.1,6.118119239807129,86
main_experiment,fifo,6,4,0.9,0.99,1,12.0,17.9,8.201704740524292,66
main_experiment,fifo,6,4,0.9,0.99,2,17.333333333333332,23.5,6.963380336761475,92
main_experiment,fifo,6,4,0.9,0.99,3,13.638888888888891,20.6,7.243714094161987,68
main_experiment,fifo,6,5,0.9,0.99,1,18.52777777777778,20.7,18.36056137084961,64
main_experiment,fifo,6,5,0.9,0.99,2,14.0,22.0,14.276263236999512,99
main_experiment,fifo,6,5,0.9,0.99,3,14.950000000000001,18.5,8.0714852809906,66
main_experiment,fifo,6,6,0.9,0.99,1,22.25,22.3,19.418925523757935,54
main_experiment,fifo,6,6,0.9,0.99,2,17.125,19.3,11.103922605514526,73
main_experiment,fifo,6,6,0.9,0.99,3,18.38888888888889,18.3,7.215996503829956,60
main_experiment,fifo,6,7,0.9,0.99,1,9.1,11.3,7.37425684928894,48
main_experiment,fifo,6,7,0.9,0.99,2,17.208333333333332,18.1,7.904257297515869,51
main_experiment,fifo,6,7,0.9,0.99,3,8.152777777777777,16.2,13.432780027389526,65
main_experiment,fifo,6,8,0.9,0.99,1,17.86111111111111,17.5,14.444762468338013,53
main_experiment,fifo,6,8,0.9,0.99,2,21.472222222222218,23.6,15.87011170387268,62
main_experiment,fifo,6,8,0.9,0.99,3,17.916666666666668,19.8,9.446818351745605,64
main_experiment,fifo,6,9,0.9,0.99,1,24.972222222222218,21.4,11.600019454956055,53
main_experiment,fifo,6,9,0.9,0.99,2,15.0,18.5,22.0035080909729,57
main_experiment,fifo,6,9,0.9,0.99,3,22.555555555555554,24.8,9.142570972442627,70
main_experiment,fifo,6,10,0.9,0.99,1,19.75,17.4,19.201858043670654,45
main_experiment,fifo,6,10,0.9,0.99,2,28.75,25.3,11.347645282745361,67
main_experiment,fifo,6,10,0.9,0.99,3,20.152777777777775,21.7,19.04879117012024,73
main_experiment,fifo,7,1,0.9,0.99,1,2.442857142857143,17.1,6.76142692565918,212
main_experiment,fifo,7,1,0.9,0.99,2,2.857142857142857,20.0,15.183749914169312,234
main_experiment,fifo,7,1,0.9,0.99,3,2.6714285714285713,18.7,13.947511911392212,228
main_experiment,fifo,7,2,0.9,0.99,1,5.619047619047619,20.6,5.830127239227295,155
main_experiment,fifo,7,2,0.9,0.99,2,3.91156462585034,12.5,12.103136777877808,83
main_experiment,fifo,7,2,0.9,0.99,3,4.571428571428571,16.0,9.604244709014893,102
main_experiment,fifo,7,3,0.9,0.99,1,9.571428571428571,22.0,11.36665153503418,102
main_experiment,fifo,7,3,0.9,0.99,2,7.416666666666666,17.2,8.709070682525635,77
main_experiment,fifo,7,3,0.9,0.99,3,9.178571428571429,21.0,13.64705491065979,91
main_experiment,fifo,7,4,0.9,0.99,1,16.047619047619047,23.9,7.746358871459961,98
main_experiment,fifo,7,4,0.9,0.99,2,10.035714285714286,16.7,16.0450119972229,72
main_experiment,fifo,7,4,0.9,0.99,3,12.166666666666666,21.2,10.656527996063232,67
main_experiment,fifo,7,5,0.9,0.99,1,19.285714285714285,20.7,9.322598695755005,65
main_experiment,fifo,7,5,0.9,0.99,2,11.380952380952381,19.7,6.990504503250122,74
main_experiment,fifo,7,5,0.9,0.99,3,12.928571428571429,22.0,12.782228946685791,70
main_experiment,fifo,7,6,0.9,0.99,1,29.571428571428573,29.6,17.884642362594604,72
main_experiment,fifo,7,6,0.9,0.99,2,8.333333333333332,13.5,16.62220549583435,56
main_experiment,fifo,7,6,0.9,0.99,3,13.928571428571429,19.6,7.814455270767212,63
main_experiment,fifo,7,7,0.9,0.99,1,24.190476190476193,26.2,8.54822587966919,85
main_experiment,fifo,7,7,0.9,0.99,2,14.214285714285714,16.5,11.271659851074219,51
main_experiment,fifo,7,7,0.9,0.99,3,16.69047619047619,18.5,10.314240217208862,55
main_experiment,fifo,7,8,0.9,0.99,1,22.666666666666664,22.8,15.858084201812744,56
main_experiment,fifo,7,8,0.9,0.99,2,15.476190476190476,20.4,26.94632577896118,64
main_experiment,fifo,7,8,0.9,0.99,3,18.857142857142858,21.7,11.158423662185669,66
main_experiment,fifo,7,9,0.9,0.99,1,26.928571428571427,26.5,14.745489120483398,58
main_experiment,fifo,7,9,0.9,0.99,2,13.261904761904761,17.3,9.263595581054688,54
main_experiment,fifo,7,9,0.9,0.99,3,25.952380952380956,25.4,10.289199352264404,59
main_experiment,fifo,7,10,0.9,0.99,1,24.0,22.8,19.21485686302185,60
main_experiment,fifo,7,10,0.9,0.99,2,19.035714285714285,21.7,10.641391038894653,65
main_experiment,fifo,7,10,0.9,0.99,3,18.214285714285715,19.2,11.69428300857544,43
main_experiment,fifo,8,1,0.9,0.99,1,2.4875,19.9,13.768617630004883,249
main_experiment,fifo,8,1,0.9,0.99,2,1.9375,15.5,11.90204381942749,196
main_experiment,fifo,8,1,0.9,0.99,3,1.975,15.8,11.607132196426392,209
main_experiment,fifo,8,2,0.9,0.99,1,4.535714285714286,18.6,15.978090524673462,142
main_experiment,fifo,8,2,0.9,0.99,2,4.511904761904762,17.4,7.200613498687744,128
main_experiment,fifo,8,2,0.9,0.99,3,4.572916666666666,18.7,5.663569450378418,128
main_experiment,fifo,8,3,0.9,0.99,1,7.8125,20.3,6.4166669845581055,95
main_experiment,fifo,8,3,0.9,0.99,2,7.28125,17.9,6.5159912109375,84
main_experiment,fifo,8,3,0.9,0.99,3,7.34375,17.9,14.87559175491333,79
main_experiment,fifo,8,4,0.9,0.99,1,11.354166666666666,22.4,8.595814943313599,86
main_experiment,fifo,8,4,0.9,0.99,2,9.041666666666668,17.4,7.078930377960205,78
main_experiment,fifo,8,4,0.9,0.99,3,13.552083333333334,20.6,10.841933488845825,65
main_experiment,fifo,8,5,0.9,0.99,1,16.4375,25.5,10.686534643173218,82
main_experiment,fifo,8,5,0.9,0.99,2,10.979166666666668,15.5,11.487523555755615,49
main_experiment,fifo,8,5,0.9,0.99,3,14.5625,19.8,10.829482555389404,63
main_experiment,fifo,8,6,0.9,0.99,1,16.520833333333336,25.1,14.950826168060303,80
main_experiment,fifo,8,6,0.9,0.99,2,9.375,16.1,11.6100754737854,54
main_experiment,fifo,8,6,0.9,0.99,3,18.5,21.7,7.433197498321533,49
main_experiment,fifo,8,7,0.9,0.99,1,15.083333333333334,23.6,8.352556705474854,72
main_experiment,fifo,8,7,0.9,0.99,2,14.0625,15.8,8.700241088867188,56
main_experiment,fifo,8,7,0.9,0.99,3,11.25,16.5,13.552517414093018,47
main_experiment,fifo,8,8,0.9,0.99,1,21.25,25.4,10.721462488174438,60
main_experiment,fifo,8,8,0.9,0.99,2,14.25,18.7,10.227321863174438,53
main_experiment,fifo,8,8,0.9,0.99,3,20.25,20.7,12.95536470413208,45
main_experiment,fifo,8,9,0.9,0.99,1,23.25,25.2,16.369384288787842,64
main_experiment,fifo,8,9,0.9,0.99,2,17.520833333333332,24.8,9.10982084274292,66
main_experiment,fifo,8,9,0.9,0.99,3,16.541666666666668,20.5,8.021595478057861,49
main_experiment,fifo,8,10,0.9,0.99,1,17.583333333333336,22.6,9.901512861251831,59
main_experiment,fifo,8,10,0.9,0.99,2,16.270833333333332,18.1,14.131386518478394,47
main_experiment,fifo,8,10,0.9,0.99,3,17.875,19.7,8.963733673095703,43
main_experiment,fifo,9,1,0.9,0.99,1,1.4555555555555555,13.1,5.260343790054321,162
main_experiment,fifo,9,1,0.9,0.99,2,1.7333333333333334,15.6,6.1983466148376465,188
main_experiment,fifo,9,1,0.9,0.99,3,1.8444444444444446,16.6,7.429821491241455,225
main_experiment,fifo,9,2,0.9,0.99,1,3.8666666666666663,17.4,10.512886047363281,115
main_experiment,fifo,9,2,0.9,0.99,2,3.288888888888889,14.8,12.48244047164917,97
main_experiment,fifo,9,2,0.9,0.99,3,3.8981481481481475,17.8,10.933314085006714,119
main_experiment,fifo,9,3,0.9,0.99,1,9.11111111111111,22.8,6.335840940475464,122
main_experiment,fifo,9,3,0.9,0.99,2,5.655555555555555,14.8,6.741988658905029,78
main_experiment,fifo,9,3,0.9,0.99,3,7.861111111111111,22.1,6.1340789794921875,104
main_experiment,fifo,9,4,0.9,0.99,1,9.574074074074074,19.0,10.219879865646362,81
main_experiment,fifo,9,4,0.9,0.99,2,8.25925925925926,16.2,9.212460041046143,54
main_experiment,fifo,9,4,0.9,0.99,3,9.103703703703705,17.5,14.021058320999146,78
main_experiment,fifo,9,5,0.9,0.99,1,15.555555555555555,24.0,12.154805898666382,85
main_experiment,fifo,9,5,0.9,0.99,2,9.296296296296298,19.0,7.178287982940674,66
main_experiment,fifo,9,5,0.9,0.99,3,12.055555555555555,21.6,15.888700485229492,65
main_experiment,fifo,9,6,0.9,0.99,1,15.648148148148145,27.9,16.410449504852295,95
main_experiment,fifo,9,6,0.9,0.99,2,14.51851851851852,19.4,15.24956488609314,66
main_experiment,fifo,9,6,0.9,0.99,3,13.277777777777779,20.7,10.823092460632324,61
main_experiment,fifo,9,7,0.9,0.99,1,11.38888888888889,19.7,15.486030340194702,65
main_experiment,fifo,9,7,0.9,0.99,2,7.24074074074074,13.5,15.329480171203613,47
main_experiment,fifo,9,7,0.9,0.99,3,16.879629629629633,25.7,7.881770610809326,81
main_experiment,fifo,9,8,0.9,0.99,1,13.74074074074074,21.7,17.013941049575806,62
main_experiment,fifo,9,8,0.9,0.99,2,14.61111111111111,17.6,20.057453870773315,46
main_experiment,fifo,9,8,0.9,0.99,3,9.416666666666666,15.0,14.898369312286377,53
main_experiment,fifo,9,9,0.9,0.99,1,17.11111111111111,22.9,13.58402395248413,57
main_experiment,fifo,9,9,0.9,0.99,2,10.222222222222221,12.6,11.999232292175293,37
main_experiment,fifo,9,9,0.9,0.99,3,7.814814814814814,15.5,9.414177656173706,54
main_experiment,fifo,9,10,0.9,0.99,1,19.203703703703702,24.9,10.773144721984863,71
main_experiment,fifo,9,10,0.9,0.99,2,14.59259259259259,18.1,10.363998413085938,50
main_experiment,fifo,9,10,0.9,0.99,3,12.75925925925926,20.7,9.8677077293396,58
main_experiment,fifo,10,1,0.9,0.99,1,1.77,17.7,5.307524681091309,210
main_experiment,fifo,10,1,0.9,0.99,2,1.7899999999999998,17.9,13.827624559402466,214
main_experiment,fifo,10,1,0.9,0.99,3,1.53,15.3,6.02772855758667,193
main_experiment,fifo,10,2,0.9,0.99,1,4.85,19.0,13.490258693695068,132
main_experiment,fifo,10,2,0.9,0.99,2,3.8,19.0,15.197118043899536,120
main_experiment,fifo,10,2,0.9,0.99,3,3.0571428571428574,15.8,13.964723825454712,129
main_experiment,fifo,10,3,0.9,0.99,1,6.876666666666667,21.7,7.615707635879517,94
main_experiment,fifo,10,3,0.9,0.99,2,6.041666666666667,19.5,6.33825159072876,88
main_experiment,fifo,10,3,0.9,0.99,3,4.45,14.6,8.345179319381714,64
main_experiment,fifo,10,4,0.9,0.99,1,9.9,23.2,6.947101593017578,77
main_experiment,fifo,10,4,0.9,0.99,2,10.74,19.7,13.310492038726807,67
main_experiment,fifo,10,4,0.9,0.99,3,8.575,20.2,8.633752822875977,65
main_experiment,fifo,10,5,0.9,0.99,1,8.183333333333334,20.0,9.176874160766602,71
main_experiment,fifo,10,5,0.9,0.99,2,11.133333333333335,20.2,14.256032943725586,69
main_experiment,fifo,10,5,0.9,0.99,3,10.125,20.2,14.060832262039185,77
main_experiment,fifo,10,6,0.9,0.99,1,13.425,24.2,12.736168622970581,71
main_experiment,fifo,10,6,0.9,0.99,2,8.025,16.1,7.772016286849976,63
main_experiment,fifo,10,6,0.9,0.99,3,14.05,22.3,7.767319917678833,56
main_experiment,fifo,10,7,0.9,0.99,1,17.31666666666667,25.9,9.82008147239685,64
main_experiment,fifo,10,7,0.9,0.99,2,10.416666666666666,21.0,8.438185453414917,61
main_experiment,fifo,10,7,0.9,0.99,3,9.55,18.4,9.624309778213501,61
main_experiment,fifo,10,8,0.9,0.99,1,21.65,27.0,10.118055582046509,61
main_experiment,fifo,10,8,0.9,0.99,2,8.275,15.7,13.462486267089844,58
main_experiment,fifo,10,8,0.9,0.99,3,6.25,14.7,12.254958152770996,48
main_experiment,fifo,10,9,0.9,0.99,1,17.866666666666667,24.4,10.11258864402771,55
main_experiment,fifo,10,9,0.9,0.99,2,9.95,14.6,10.134341716766357,37
main_experiment,fifo,10,9,0.9,0.99,3,12.0,18.8,9.510487079620361,45
main_experiment,fifo,10,10,0.9,0.99,1,21.75,25.7,14.062556982040405,49
main_experiment,fifo,10,10,0.9,0.99,2,10.9,14.5,14.534199953079224,43
main_experiment,fifo,10,10,0.9,0.99,3,21.9,25.9,13.87476658821106,48
main_experiment,global_optimum,1,1,0.9,0.99,1,22.8,22.8,9.048379898071289,273
main_experiment,global_optimum,1,1,0.9,0.99,2,18.3,18.3,6.1852707862854,233
main_experiment,global_optimum,1,1,0.9,0.99,3,15.8,15.8,8.833630800247192,200
main_experiment,global_optimum,1,2,0.9,0.99,1,17.9,17.9,7.2944769859313965,189
main_experiment,global_optimum,1,2,0.9,0.99,2,16.2,16.2,5.932770013809204,175
main_experiment,global_optimum,1,2,0.9,0.99,3,15.7,15.7,11.111427545547485,167
main_experiment,global_optimum,1,3,0.9,0.99,1,13.0,13.0,13.682673931121826,140
main_experiment,global_optimum,1,3,0.9,0.99,2,11.2,11.2,13.432205200195312,122
main_experiment,global_optimum,1,3,0.9,0.99,3,15.5,15.5,7.468729019165039,165
main_experiment,global_optimum,1,4,0.9,0.99,1,15.4,15.4,14.8062744140625,164
main_experiment,global_optimum,1,4,0.9,0.99,2,12.2,12.2,7.819110155105591,132
main_experiment,global_optimum,1,4,0.9,0.99,3,13.5,13.5,10.289119958877563,145
main_experiment,global_optimum,1,5,0.9,0.99,1,14.6,14.6,7.4983954429626465,156
main_experiment,global_optimum,1,5,0.9,0.99,2,11.1,11.1,8.468070983886719,121
main_experiment,global_optimum,1,5,0.9,0.99,3,13.2,13.2,7.1388163566589355,142
main_experiment,global_optimum,1,6,0.9,0.99,1,13.7,13.7,9.726573467254639,147
main_experiment,global_optimum,1,6,0.9,0.99,2,10.0,10.0,11.637266874313354,110
main_experiment,global_optimum,1,6,0.9,0.99,3,12.9,12.9,21.6327121257782,139
main_experiment,global_optimum,1,7,0.9,0.99,1,12.8,12.8,16.446386098861694,138
main_experiment,global_optimum,1,7,0.9,0.99,2,9.2,9.2,8.219627380371094,102
main_experiment,global_optimum,1,7,0.9,0.99,3,11.9,11.9,10.37252140045166,129
main_experiment,global_optimum,1,8,0.9,0.99,1,10.4,10.4,15.608134984970093,114
main_experiment,global_optimum,1,8,0.9,0.99,2,7.0,7.0,19.45053458213806,80
main_experiment,global_optimum,1,8,0.9,0.99,3,9.7,9.7,17.505506992340088,107
main_experiment,global_optimum,1,9,0.9,0.99,1,7.4,7.4,12.7623291015625,84
main_experiment,global_optimum,1,9,0.9,0.99,2,7.7,7.7,18.783808946609497,87
main_experiment,global_optimum,1,9,0.9,0.99,3,9.9,9.9,10.343102931976318,109
main_experiment,global_optimum,1,10,0.9,0.99,1,8.0,8.0,25.291868925094604,90
main_experiment,global_optimum,1,10,0.9,0.99,2,6.5,6.5,11.24301290512085,75
main_experiment,global_optimum,1,10,0.9,0.99,3,8.0,8.0,19.59416699409485,90
main_experiment,global_optimum,2,1,0.9,0.99,1,12.1,24.2,6.890516757965088,275
main_experiment,global_optimum,2,1,0.9,0.99,2,8.45,16.9,5.353902339935303,216
main_experiment,global_optimum,2,1,0.9,0.99,3,9.9,19.8,5.165553569793701,247
main_experiment,global_optimum,2,2,0.9,0.99,1,15.625,15.8,10.845218658447266,107
main_experiment,global_optimum,2,2,0.9,0.99,2,23.125,16.9,5.761850118637085,110
main_experiment,global_optimum,2,2,0.9,0.99,3,13.041666666666668,13.4,8.430726289749146,95
main_experiment,global_optimum,2,3,0.9,0.99,1,16.4,16.4,6.332725763320923,97
main_experiment,global_optimum,2,3,0.9,0.99,2,15.2,15.2,7.37410831451416,87
main_experiment,global_optimum,2,3,0.9,0.99,3,14.9,14.9,6.359213590621948,86
main_experiment,global_optimum,2,4,0.9,0.99,1,16.1,16.1,7.575132846832275,90
main_experiment,global_optimum,2,4,0.9,0.99,2,18.125,17.5,15.566303253173828,96
main_experiment,global_optimum,2,4,0.9,0.99,3,12.2,12.2,6.687403917312622,70
main_experiment,global_optimum,2,5,0.9,0.99,1,14.1,14.1,13.359416007995605,80
main_experiment,global_optimum,2,5,0.9,0.99,2,15.047619047619047,12.8,17.7790629863739,73
main_experiment,global_optimum,2,5,0.9,0.99,3,10.7,10.7,17.953498601913452,64
main_experiment,global_optimum,2,6,0.9,0.99,1,14.125,13.7,7.881404876708984,78
main_experiment,global_optimum,2,6,0.9,0.99,2,13.625,13.0,11.680335283279419,71
main_experiment,global_optimum,2,6,0.9,0.99,3,11.6,11.6,11.248786926269531,66
main_experiment,global_optimum,2,7,0.9,0.99,1,11.7,11.7,8.29729700088501,67
main_experiment,global_optimum,2,7,0.9,0.99,2,10.958333333333332,10.8,12.365720510482788,67
main_experiment,global_optimum,2,7,0.9,0.99,3,10.9,10.9,10.54631495475769,64
main_experiment,global_optimum,2,8,0.9,0.99,1,11.1,11.1,19.06885313987732,63
main_experiment,global_optimum,2,8,0.9,0.99,2,8.458333333333334,8.2,8.705602884292603,49
main_experiment,global_optimum,2,8,0.9,0.99,3,13.8,13.8,15.378748655319214,76
main_experiment,global_optimum,2,9,0.9,0.99,1,8.666666666666668,8.6,22.537664651870728,56
main_experiment,global_optimum,2,9,0.9,0.99,2,7.976190476190476,6.9,14.153562545776367,44
main_experiment,global_optimum,2,9,0.9,0.99,3,9.375,8.9,17.74498224258423,51
main_experiment,global_optimum,2,10,0.9,0.99,1,9.399999999999999,9.4,10.115416765213013,56
main_experiment,global_optimum,2,10,0.9,0.99,2,9.380952380952381,7.8,9.720833539962769,45
main_experiment,global_optimum,2,10,0.9,0.99,3,10.75,10.7,9.949343204498291,69
main_experiment,global_optimum,3,1,0.9,0.99,1,7.933333333333334,23.8,5.38393759727478,267
main_experiment,global_optimum,3,1,0.9,0.99,2,5.0,15.0,15.224925994873047,191
main_experiment,global_optimum,3,1,0.9,0.99,3,4.3999999999999995,13.2,11.319769859313965,168
main_experiment,global_optimum,3,2,0.9,0.99,1,12.200000000000001,18.3,8.555632829666138,109
main_experiment,global_optimum,3,2,0.9,0.99,2,9.825396825396824,14.1,6.423125982284546,117
main_experiment,global_optimum,3,2,0.9,0.99,3,10.916666666666666,16.2,12.312634468078613,103
main_experiment,global_optimum,3,3,0.9,0.99,1,20.122222222222224,19.2,6.340927362442017,89
main_experiment,global_optimum,3,3,0.9,0.99,2,17.68888888888889,16.6,8.77156138420105,82
main_experiment,global_optimum,3,3,0.9,0.99,3,10.583333333333332,10.9,5.791959762573242,59
main_experiment,global_optimum,3,4,0.9,0.99,1,14.4,13.1,6.336493730545044,57
main_experiment,global_optimum,3,4,0.9,0.99,2,13.194444444444443,13.0,6.138509750366211,52
main_experiment,global_optimum,3,4,0.9,0.99,3,12.833333333333334,12.2,11.418110847473145,58
main_experiment,global_optimum,3,5,0.9,0.99,1,13.25,12.1,15.811349868774414,53
main_experiment,global_optimum,3,5,0.9,0.99,2,11.166666666666666,11.1,18.349154472351074,46
main_experiment,global_optimum,3,5,0.9,0.99,3,11.166666666666666,10.4,6.619603157043457,43
main_experiment,global_optimum,3,6,0.9,0.99,1,14.75,12.9,11.209723949432373,50
main_experiment,global_optimum,3,6,0.9,0.99,2,14.111111111111112,14.0,16.474767208099365,56
main_experiment,global_optimum,3,6,0.9,0.99,3,13.25,12.4,12.625241994857788,52
main_experiment,global_optimum,3,7,0.9,0.99,1,14.5,13.4,11.684088230133057,54
main_experiment,global_optimum,3,7,0.9,0.99,2,11.916666666666666,11.5,7.577258586883545,49
main_experiment,global_optimum,3,7,0.9,0.99,3,11.5,11.3,9.1838538646698,49
main_experiment,global_optimum,3,8,0.9,0.99,1,14.888888888888888,14.7,11.40145754814148,57
main_experiment,global_optimum,3,8,0.9,0.99,2,13.694444444444445,13.3,9.91545844078064,54
main_experiment,global_optimum,3,8,0.9,0.99,3,10.333333333333334,9.3,9.677342891693115,42
main_experiment,global_optimum,3,9,0.9,0.99,1,11.805555555555555,11.6,15.653594255447388,45
main_experiment,global_optimum,3,9,0.9,0.99,2,17.416666666666668,15.9,21.74466061592102,61
main_experiment,global_optimum,3,9,0.9,0.99,3,9.0,8.9,19.73488163948059,40
main_experiment,global_optimum,3,10,0.9,0.99,1,12.694444444444443,12.4,17.389785289764404,47
main_experiment,global_optimum,3,10,0.9,0.99,2,12.911111111111111,11.5,8.75263786315918,47
main_experiment,global_optimum,3,10,0.9,0.99,3,9.166666666666666,8.5,18.187066316604614,36
